C-A10-0;C-WIRT0-0;F-SO2;F-NOX;F-NMVOC;F-CH4;F-COWERT;F-CO2INSG;F-CO2FOSS;F-CO2BIOG;F-CO2SONS;F-N2O;F-NH3;F-PM10;F-PM25
A10-2008;WIRT100;20130;185415;141246;305739;537112;89161;52723;21078;15361;13306;78791;34597;19436
A10-2008;WIRT101;15067;125031;88792;295491;226397;65215;36380;13549;15286;12654;76302;23369;9229
A10-2008;WIRT0-1;189;16535;44993;180556;12501;1437;735;566;135;9616;73839;4848;955
A10-2008;WIRT0-2;28;744;233;223;1737;192;108;84;0;7;5;103;92
A10-2008;WIRT0-3;0;9;3;3;20;2;1;1;0;0;0;1;1
A10-2008;WIRT0-4;47;2154;520;5567;483;914;411;9;495;11;5;5325;663
A10-2008;WIRT0-5;285;2141;2988;95;624;1131;1053;78;1;15;26;124;107
A10-2008;WIRT0-6;15;106;671;2;29;94;92;0;1;0;2;6;4
A10-2008;WIRT0-7;12;48;144;1;20;18;18;1;0;0;1;5;4
A10-2008;WIRT0-8;6;19;68;0;14;8;7;0;0;0;0;2;2
A10-2008;WIRT0-9;921;4074;2544;198;1749;2124;390;1728;6;74;82;1014;659
A10-2008;WIRT0-10;1086;5090;508;247;1919;5707;2204;3500;2;96;72;202;166
A10-2008;WIRT0-11;0;76;4297;1;79;22;12;0;9;1;1;7;5
A10-2008;WIRT0-12;851;1209;841;350;395;2807;2807;0;0;13;83;107;54
A10-2008;WIRT0-13;799;1811;3211;2049;11587;2553;1406;481;667;1080;113;432;282
A10-2008;WIRT0-14;0;13;2464;0;9;7;2;0;5;0;0;3;2
A10-2008;WIRT0-15;38;238;755;3;68;115;102;11;2;1;3;16;13
A10-2008;WIRT0-16;1278;11155;1004;225;18364;6498;3005;578;2916;74;188;547;463
A10-2008;WIRT0-17;5585;5633;4294;173;127485;12579;1588;2;10989;5;27;779;441
A10-2008;WIRT0-18;99;767;786;12;329;320;254;64;2;6;9;62;52
A10-2008;WIRT0-19;6;80;802;1;48;20;15;4;2;1;1;9;7
A10-2008;WIRT0-20;21;305;661;5;119;203;189;12;1;2;5;21;17
A10-2008;WIRT0-21;58;625;1111;5;281;158;135;20;3;5;5;48;40
A10-2008;WIRT0-22;22;277;912;3;150;125;116;7;2;2;4;19;15
A10-2008;WIRT0-23;0;20;120;0;22;10;9;0;0;0;0;2;1
A10-2008;WIRT0-24;115;604;482;20;281;265;60;204;1;10;10;79;67
A10-2008;WIRT0-25;15;120;287;2;78;35;29;6;1;1;1;11;9
A10-2008;WIRT0-26;0;161;9;0;53;23;22;1;0;1;0;11;10
A10-2008;WIRT0-27;2125;11373;867;12364;3666;15661;10383;5267;11;292;313;1169;960
A10-2008;WIRT0-28;0;51;5;3;57;31;30;1;0;0;1;4;3
A10-2008;WIRT0-29;42;166;100;92645;5947;118;113;2;3;755;1152;102;39
A10-2008;WIRT0-30;62;3608;189;14;1483;607;562;44;1;25;10;925;252
A10-2008;WIRT0-31;32;2929;293;7;873;463;444;17;1;20;5;1015;206
A10-2008;WIRT0-32;99;4171;3871;25;1471;764;611;144;9;31;15;2438;457
A10-2008;WIRT0-33;75;957;801;22;1348;330;315;13;2;7;24;79;63
A10-2008;WIRT0-34;140;4714;837;51;2803;1013;943;68;2;34;32;331;284
A10-2008;WIRT0-35;133;3084;818;49;2400;739;675;63;1;23;30;307;240
A10-2008;WIRT0-36;224;27686;1984;159;8892;4674;4524;141;8;218;48;2074;1633
A10-2008;WIRT0-37;23;1666;747;45;2587;132;128;4;0;34;3;74;74
A10-2008;WIRT0-38;5;1204;54;3;329;181;174;7;0;8;1;55;55
A10-2008;WIRT0-39;19;1205;68;8;472;227;216;11;0;8;4;76;67
A10-2008;WIRT0-40;9;241;34;2;269;50;48;1;0;2;4;29;21
A10-2008;WIRT0-41;207;1133;947;191;6310;802;570;232;0;15;56;200;171
A10-2008;WIRT0-42;1;40;13;1;103;12;12;0;0;0;2;4;3
A10-2008;WIRT0-43;0;43;4;0;29;8;8;0;0;0;0;12;8
A10-2008;WIRT0-44;0;100;7;0;47;15;14;1;0;1;0;14;10
A10-2008;WIRT0-45;5;93;9;1;73;21;21;1;0;1;1;16;11
A10-2008;WIRT0-46;4;246;60;6;474;60;55;5;0;2;7;27;21
A10-2008;WIRT0-47;54;110;19;5;173;94;93;0;0;1;5;30;19
A10-2008;WIRT0-48;0;46;13;1;103;10;10;0;0;0;2;11;7
A10-2008;WIRT0-49;3;237;18;2;129;44;43;2;0;2;1;17;14
A10-2008;WIRT0-50;4;411;53;7;381;79;66;13;0;3;4;39;33
A10-2008;WIRT0-51;3;173;52;4;419;47;46;1;0;1;7;22;16
A10-2008;WIRT0-52;4;406;80;5;625;81;79;3;0;3;10;31;26
A10-2008;WIRT0-53;4;200;46;5;373;56;52;4;0;2;6;27;20
A10-2008;WIRT0-54;1;61;15;1;119;16;16;0;0;0;2;6;4
A10-2008;WIRT0-55;2;149;38;3;304;37;36;1;0;1;5;14;11
A10-2008;WIRT0-56;2;423;39;2;280;68;65;3;0;3;3;41;32
A10-2008;WIRT0-57;18;885;59;6;396;165;154;11;0;6;4;48;46
A10-2008;WIRT0-58;5;151;17;1;132;32;30;1;0;1;2;28;18
A10-2008;WIRT0-59;1;135;12;1;89;23;22;1;0;1;1;11;9
A10-2008;WIRT0-60;8;971;1355;15;897;191;162;27;3;7;10;80;66
A10-2008;WIRT0-61;58;503;104;37;1038;331;284;48;0;6;9;62;52
A10-2008;WIRT0-62;68;314;80;11;697;153;150;3;0;3;13;19;18
A10-2008;WIRT0-63;36;374;103;22;944;195;170;25;0;110;11;30;28
A10-2008;WIRT0-64;18;67;18;1;180;22;21;1;0;1;2;7;7
A10-2008;WIRT0-65;1;21;4;0;29;5;5;0;0;0;0;2;2
A10-2008;WIRT0-66;0;54;10;1;76;10;10;0;0;0;1;2;2
A10-2008;WIRT0-67;0;219;23;2;170;36;34;2;0;2;2;10;10
A10-2008;WIRT0-68;4;129;19;1;151;23;22;1;0;1;2;64;54
A10-2008;WIRT0-69;61;64;27;7;299;85;81;4;0;1;4;10;9
A10-2008;WIRT0-70;0;66;6;1;42;12;10;2;0;0;0;4;4
A10-2008;WIRT0-71;28;138;168;13;272;121;104;16;0;1;3;15;14
A10-2008;WIRT0-72;5063;60383;52454;10247;310715;23946;16343;7528;75;652;2489;11227;10207
A10-2008;WIRT0-73;46;36818;3129;130;19563;5373;5175;198;0;272;179;1663;1663
A10-2008;WIRT0-74;32;35717;2609;127;17840;5297;5099;198;0;242;178;1614;1614
A10-2008;WIRT0-75;14;1101;521;3;1723;76;76;0;0;29;0;49;49
A10-2008;WIRT0-77;78;68386;8489;450;60645;10958;10544;414;0;502;794;3026;3026
A10-2008;WIRT0-78;62;67111;7886;447;58649;10870;10456;414;0;468;794;2970;2970
A10-2008;WIRT0-79;16;1276;603;4;1996;88;88;0;0;34;0;57;57
A10-2008;WIRT0-81;104;1247;543;-15;5222;-337;13;-350;0;75;-668;112;112
A10-2008;WIRT0-82;20265;218230;147149;306045;583415;94409;58105;20943;15361;13612;78739;36072;20911
A10-2009;WIRT100;14603;176428;136585;301960;516625;84339;49997;21975;12367;12551;80055;32961;18584
A10-2009;WIRT101;12329;116346;85133;291911;208378;60146;33759;14098;12289;11892;77631;21879;8515
A10-2009;WIRT0-1;122;16059;44891;183573;11984;1391;681;574;136;9441;75296;4794;918
A10-2009;WIRT0-2;18;716;226;223;1677;186;101;85;0;7;5;98;87
A10-2009;WIRT0-3;0;9;3;3;25;3;1;1;0;0;0;1;1
A10-2009;WIRT0-4;58;2005;566;5833;452;867;407;11;449;10;6;4890;603
A10-2009;WIRT0-5;266;2242;2983;94;630;1168;1096;71;1;15;26;121;105
A10-2009;WIRT0-6;22;102;578;2;29;82;79;1;1;0;2;7;5
A10-2009;WIRT0-7;8;48;135;1;19;23;22;1;0;0;1;4;3
A10-2009;WIRT0-8;4;26;61;0;11;18;17;1;0;0;0;2;2
A10-2009;WIRT0-9;1028;4061;2388;207;1731;2268;361;1901;5;78;89;1013;656
A10-2009;WIRT0-10;1056;4940;483;237;1860;5530;2207;3322;2;91;68;213;174
A10-2009;WIRT0-11;0;95;3914;1;76;24;15;1;9;1;1;7;6
A10-2009;WIRT0-12;581;1050;812;344;500;2810;2810;0;0;15;86;99;52
A10-2009;WIRT0-13;839;1773;3325;1998;11578;2466;1442;421;602;560;121;410;263
A10-2009;WIRT0-14;0;19;2353;0;13;8;3;0;5;0;0;3;2
A10-2009;WIRT0-15;34;235;717;3;80;120;111;6;2;1;3;16;13
A10-2009;WIRT0-16;966;10008;917;198;16566;5715;2738;532;2445;71;113;466;398
A10-2009;WIRT0-17;4265;4714;4096;157;118873;9894;1313;4;8577;6;22;657;366
A10-2009;WIRT0-18;108;873;652;14;352;368;288;78;2;7;10;68;57
A10-2009;WIRT0-19;7;125;763;1;65;46;37;7;2;1;1;11;9
A10-2009;WIRT0-20;25;283;635;4;116;156;135;19;1;2;4;22;18
A10-2009;WIRT0-21;73;749;1068;11;332;280;222;56;3;6;8;57;48
A10-2009;WIRT0-22;13;217;768;2;96;102;96;4;2;1;3;15;12
A10-2009;WIRT0-23;0;19;110;0;19;8;8;0;0;0;0;2;1
A10-2009;WIRT0-24;143;681;461;25;304;318;63;254;1;11;13;88;74
A10-2009;WIRT0-25;15;125;273;1;62;36;30;5;1;1;1;11;9
A10-2009;WIRT0-26;0;95;5;0;31;14;13;1;0;1;0;8;6
A10-2009;WIRT0-27;2058;10286;885;12485;3887;15175;9348;5816;11;298;332;1179;979
A10-2009;WIRT0-28;0;39;4;1;43;16;15;1;0;0;1;3;2
A10-2009;WIRT0-29;15;446;108;85895;5599;133;127;4;2;762;1144;110;50
A10-2009;WIRT0-30;37;2871;138;11;1215;490;437;52;1;20;8;799;201
A10-2009;WIRT0-31;30;2799;258;7;818;480;454;25;1;19;6;926;185
A10-2009;WIRT0-32;80;3973;3544;24;1379;756;598;150;9;30;15;2244;414
A10-2009;WIRT0-33;12;843;744;16;996;265;251;12;2;6;17;72;56
A10-2009;WIRT0-34;28;4362;576;37;2258;881;815;64;2;31;24;295;250
A10-2009;WIRT0-35;24;2833;744;37;1905;632;574;57;1;21;23;282;216
A10-2009;WIRT0-36;114;26033;1771;147;8365;4443;4256;179;8;208;44;1889;1450
A10-2009;WIRT0-37;14;944;408;23;1551;85;82;3;0;19;3;41;41
A10-2009;WIRT0-38;2;1136;47;2;307;172;163;9;0;8;1;48;48
A10-2009;WIRT0-39;4;1135;56;7;413;216;203;12;0;8;3;68;59
A10-2009;WIRT0-40;3;220;25;2;204;44;42;2;0;2;3;28;19
A10-2009;WIRT0-41;93;956;755;160;5087;669;467;202;0;13;42;177;150
A10-2009;WIRT0-42;0;34;8;1;74;10;9;0;0;0;1;4;3
A10-2009;WIRT0-43;0;40;3;0;23;7;7;0;0;0;0;12;7
A10-2009;WIRT0-44;0;94;5;0;39;14;14;1;0;1;0;13;9
A10-2009;WIRT0-45;2;85;7;1;58;18;17;1;0;1;1;15;10
A10-2009;WIRT0-46;1;217;41;4;345;50;45;5;0;2;5;25;19
A10-2009;WIRT0-47;16;94;13;5;129;76;76;0;0;1;4;29;18
A10-2009;WIRT0-48;0;40;9;1;74;8;8;0;0;0;1;11;7
A10-2009;WIRT0-49;0;221;14;1;106;40;38;2;0;2;1;15;13
A10-2009;WIRT0-50;5;381;38;5;292;72;61;11;0;3;3;35;29
A10-2009;WIRT0-51;1;148;35;3;303;38;37;1;0;1;5;21;15
A10-2009;WIRT0-52;1;365;56;4;462;72;68;3;0;3;7;29;24
A10-2009;WIRT0-53;1;176;32;4;272;47;43;4;0;1;4;25;18
A10-2009;WIRT0-54;1;54;10;1;87;14;13;1;0;0;1;5;4
A10-2009;WIRT0-55;0;131;26;2;222;31;30;1;0;1;4;13;10
A10-2009;WIRT0-56;1;394;29;2;223;63;60;4;0;3;2;38;29
A10-2009;WIRT0-57;2;826;47;5;331;149;138;11;0;6;3;42;39
A10-2009;WIRT0-58;1;139;13;1;102;28;27;1;0;1;1;26;17
A10-2009;WIRT0-59;0;126;9;1;71;21;20;1;0;1;1;11;8
A10-2009;WIRT0-60;3;894;1072;10;683;169;144;23;2;7;7;71;58
A10-2009;WIRT0-61;29;494;75;34;858;343;304;39;0;5;8;55;45
A10-2009;WIRT0-62;19;270;56;8;516;124;121;3;0;2;9;16;15
A10-2009;WIRT0-63;24;307;71;14;674;140;121;19;0;74;8;25;23
A10-2009;WIRT0-64;12;61;13;1;135;20;19;1;0;0;1;6;6
A10-2009;WIRT0-65;0;20;3;0;22;4;4;0;0;0;0;2;2
A10-2009;WIRT0-66;0;49;7;0;57;9;9;0;0;0;1;2;2
A10-2009;WIRT0-67;0;203;17;1;133;33;31;2;0;1;2;9;9
A10-2009;WIRT0-68;3;118;13;1;115;21;20;1;0;1;1;55;46
A10-2009;WIRT0-69;25;49;19;5;221;66;62;3;0;1;3;8;7
A10-2009;WIRT0-70;0;61;5;1;34;11;9;1;0;0;0;3;3
A10-2009;WIRT0-71;17;113;140;10;210;90;78;12;0;1;2;13;12
A10-2009;WIRT0-72;2273;60083;51451;10049;308247;24193;16238;7877;78;658;2424;11082;10070
A10-2009;WIRT0-73;31;26918;2109;97;14670;4096;3889;207;0;196;143;1118;1118
A10-2009;WIRT0-74;25;26362;1847;95;13741;4056;3849;207;0;182;143;1094;1094
A10-2009;WIRT0-75;6;555;263;1;928;40;40;0;0;15;0;25;25
A10-2009;WIRT0-77;65;54084;7158;398;55557;9290;8807;483;0;410;752;2200;2200
A10-2009;WIRT0-78;51;52874;6586;395;53535;9202;8719;483;0;378;752;2146;2146
A10-2009;WIRT0-79;14;1210;573;3;2022;88;88;0;0;32;0;53;53
A10-2009;WIRT0-81;97;1230;542;4;5594;-370;21;-390;0;78;-673;105;105
A10-2009;WIRT0-82;14733;204825;142175;302265;563107;89163;54935;21861;12367;12842;79991;34148;19771
A10-2010;WIRT100;15840;175594;135866;297883;534653;91148;52464;24456;14228;11841;79339;33093;19116
A10-2010;WIRT101;13374;115686;82845;286844;204967;65285;35522;15611;14151;11153;76934;21387;8480
A10-2010;WIRT0-1;121;15033;44393;184010;12951;1448;680;646;122;8945;74458;4797;938
A10-2010;WIRT0-2;17;698;244;249;1815;196;101;95;0;8;5;103;91
A10-2010;WIRT0-3;0;8;3;3;21;2;1;1;0;0;0;1;1
A10-2010;WIRT0-4;50;1926;579;6242;428;901;392;11;498;10;5;4786;590
A10-2010;WIRT0-5;243;2360;2959;99;689;1253;1177;76;1;16;28;125;108
A10-2010;WIRT0-6;33;113;570;2;31;86;83;2;1;1;2;8;6
A10-2010;WIRT0-7;9;48;124;1;20;24;23;1;0;0;1;4;3
A10-2010;WIRT0-8;4;29;55;1;14;22;20;2;0;0;1;2;2
A10-2010;WIRT0-9;990;3824;2225;205;1735;2189;357;1827;5;75;86;991;630
A10-2010;WIRT0-10;1168;5132;478;244;1899;5842;2326;3514;2;95;70;206;169
A10-2010;WIRT0-11;0;110;3517;1;73;26;17;1;8;1;1;8;6
A10-2010;WIRT0-12;619;1052;734;318;317;2725;2725;0;0;13;84;113;59
A10-2010;WIRT0-13;865;2088;3206;2050;11692;2841;1575;579;687;239;129;482;324
A10-2010;WIRT0-14;0;21;2207;0;15;9;4;0;5;0;0;3;2
A10-2010;WIRT0-15;40;247;678;3;87;130;122;6;2;1;3;17;13
A10-2010;WIRT0-16;980;10274;911;191;17613;5656;2812;523;2322;73;125;478;407
A10-2010;WIRT0-17;5204;5304;4135;153;110076;12039;1586;4;10448;7;26;691;370
A10-2010;WIRT0-18;139;968;529;17;394;429;323;105;1;9;12;76;63
A10-2010;WIRT0-19;10;359;686;2;139;84;71;12;2;3;2;21;18
A10-2010;WIRT0-20;29;313;619;5;140;194;170;22;1;2;5;24;18
A10-2010;WIRT0-21;81;776;1018;12;334;311;237;72;2;7;9;60;50
A10-2010;WIRT0-22;13;240;786;3;106;126;120;4;2;1;3;15;12
A10-2010;WIRT0-23;0;21;83;0;24;9;9;0;0;0;0;2;1
A10-2010;WIRT0-24;152;698;442;25;306;334;68;266;1;12;13;87;73
A10-2010;WIRT0-25;14;128;264;1;63;38;33;4;1;1;1;11;9
A10-2010;WIRT0-26;0;130;6;0;43;20;19;1;0;1;0;9;8
A10-2010;WIRT0-27;2118;11458;931;12383;4518;17575;10748;6819;8;351;384;1360;1122
A10-2010;WIRT0-28;0;37;4;1;42;12;12;1;0;0;1;3;2
A10-2010;WIRT0-29;7;497;104;80018;5258;129;122;5;1;773;1170;123;54
A10-2010;WIRT0-30;82;2645;117;19;1177;557;402;153;1;22;12;702;189
A10-2010;WIRT0-31;16;2198;212;6;659;392;372;19;1;15;5;765;142
A10-2010;WIRT0-32;35;3878;3223;16;1318;710;624;78;8;28;12;1919;358
A10-2010;WIRT0-33;5;821;757;16;1254;244;227;15;2;6;20;71;54
A10-2010;WIRT0-34;19;4210;538;39;2568;845;769;75;2;31;26;284;237
A10-2010;WIRT0-35;15;2737;759;40;2223;599;530;68;1;21;25;279;211
A10-2010;WIRT0-36;95;24869;1597;138;8084;4417;4223;184;9;201;44;1767;1324
A10-2010;WIRT0-37;13;1058;435;25;1652;93;89;4;0;23;3;46;46
A10-2010;WIRT0-38;1;1094;42;2;300;171;162;9;0;8;1;43;43
A10-2010;WIRT0-39;4;1076;53;5;415;186;174;12;0;8;3;64;55
A10-2010;WIRT0-40;3;215;28;2;253;43;41;2;0;2;3;28;19
A10-2010;WIRT0-41;45;910;830;161;5795;601;395;206;0;12;48;179;151
A10-2010;WIRT0-42;0;35;10;1;98;11;10;0;0;0;2;4;3
A10-2010;WIRT0-43;0;39;3;0;27;8;7;0;0;0;0;12;8
A10-2010;WIRT0-44;0;91;5;0;44;15;14;1;0;1;0;13;9
A10-2010;WIRT0-45;2;82;8;1;68;17;16;1;0;1;1;16;10
A10-2010;WIRT0-46;1;220;50;5;450;57;51;6;0;2;7;26;19
A10-2010;WIRT0-47;2;66;16;2;150;41;40;1;0;1;3;28;17
A10-2010;WIRT0-48;0;41;11;1;98;10;10;0;0;0;2;11;7
A10-2010;WIRT0-49;0;214;14;1;120;39;37;2;0;1;1;14;12
A10-2010;WIRT0-50;3;371;43;6;355;75;62;14;0;3;4;36;29
A10-2010;WIRT0-51;0;153;43;3;399;43;42;2;0;1;7;22;15
A10-2010;WIRT0-52;1;365;66;4;595;78;75;3;0;3;9;28;23
A10-2010;WIRT0-53;1;176;38;4;350;48;43;5;0;1;5;26;18
A10-2010;WIRT0-54;0;54;12;1;113;14;14;1;0;0;2;5;4
A10-2010;WIRT0-55;0;132;31;2;289;34;32;1;0;1;5;13;10
A10-2010;WIRT0-56;1;384;31;2;263;66;62;4;0;3;3;38;28
A10-2010;WIRT0-57;2;796;46;5;362;142;130;12;0;6;3;39;37
A10-2010;WIRT0-58;1;135;14;1;123;27;26;1;0;1;2;27;17
A10-2010;WIRT0-59;0;123;10;1;84;21;20;1;0;1;1;10;8
A10-2010;WIRT0-60;3;879;860;12;839;181;151;28;2;7;9;71;57
A10-2010;WIRT0-61;24;495;88;38;989;348;297;51;0;5;9;57;47
A10-2010;WIRT0-62;11;252;67;7;644;98;94;4;0;2;10;15;14
A10-2010;WIRT0-63;26;327;85;18;855;165;140;25;0;89;10;26;25
A10-2010;WIRT0-64;13;62;15;1;162;21;20;1;0;1;1;6;6
A10-2010;WIRT0-65;0;19;3;0;28;4;4;0;0;0;0;2;2
A10-2010;WIRT0-66;0;49;8;1;73;10;9;0;0;0;1;2;2
A10-2010;WIRT0-67;0;199;19;1;161;36;33;2;0;1;2;8;8
A10-2010;WIRT0-68;3;117;15;1;143;22;21;1;0;1;2;54;45
A10-2010;WIRT0-69;21;36;22;4;251;45;41;4;0;0;2;8;7
A10-2010;WIRT0-70;0;60;5;1;39;11;9;2;0;0;0;3;3
A10-2010;WIRT0-71;13;110;123;10;251;86;71;15;0;1;2;14;13
A10-2010;WIRT0-72;2467;59907;53021;11040;329687;25863;16942;8844;77;687;2405;11705;10636
A10-2010;WIRT0-73;31;23868;1855;89;13840;3808;3612;196;0;179;139;926;926
A10-2010;WIRT0-74;23;23220;1569;87;12826;3762;3566;196;0;163;139;898;898
A10-2010;WIRT0-75;8;649;286;2;1014;46;46;0;0;17;0;28;28
A10-2010;WIRT0-77;69;52892;6448;367;53123;9419;8917;502;0;407;709;2027;2027
A10-2010;WIRT0-78;52;51520;5843;364;50980;9321;8819;502;0;371;708;1967;1967
A10-2010;WIRT0-79;17;1372;605;3;2144;98;98;0;0;36;0;60;60
A10-2010;WIRT0-81;97;1205;514;-0;5116;-482;3;-485;0;73;-679;105;105
A10-2010;WIRT0-82;15976;205822;140973;298162;579053;96277;57772;24277;14228;12141;79230;34299;20323
A10-2011;WIRT100;15020;165885;129698;289513;516998;88397;49900;24112;14384;12144;78668;31705;17909
A10-2011;WIRT101;13166;106850;79558;279530;212272;63802;33834;15663;14305;11458;76428;20700;7931
A10-2011;WIRT0-1;104;15440;43133;182252;11695;1420;664;621;135;9340;74029;4704;877
A10-2011;WIRT0-2;15;686;229;244;1693;193;99;93;0;8;5;97;86
A10-2011;WIRT0-3;0;8;3;3;20;2;1;1;0;0;0;1;1
A10-2011;WIRT0-4;47;1746;544;5870;386;891;355;10;525;10;5;4870;594
A10-2011;WIRT0-5;251;2111;3327;96;607;1215;1139;75;1;15;27;110;94
A10-2011;WIRT0-6;34;97;538;2;25;76;73;1;1;0;2;7;6
A10-2011;WIRT0-7;8;37;109;0;16;18;17;0;0;0;0;4;3
A10-2011;WIRT0-8;4;26;53;1;13;20;18;2;0;0;1;2;2
A10-2011;WIRT0-9;1070;3774;2069;217;1774;2279;308;1966;5;80;91;968;609
A10-2011;WIRT0-10;1088;5056;462;244;1929;5799;2277;3520;1;95;67;253;208
A10-2011;WIRT0-11;0;81;3113;0;55;21;13;1;7;1;1;6;5
A10-2011;WIRT0-12;436;902;729;334;315;2769;2769;0;0;13;84;117;63
A10-2011;WIRT0-13;802;1961;3058;2049;11631;2745;1512;525;707;185;137;504;344
A10-2011;WIRT0-14;0;17;2015;0;12;7;3;0;4;0;0;3;2
A10-2011;WIRT0-15;48;222;644;3;72;122;115;5;1;1;3;16;12
A10-2011;WIRT0-16;1050;9916;819;200;19253;5696;2707;581;2408;75;110;493;415
A10-2011;WIRT0-17;5376;5158;4143;175;123155;12229;1764;4;10461;7;29;695;391
A10-2011;WIRT0-18;221;948;410;21;372;469;311;157;1;10;15;83;68
A10-2011;WIRT0-19;8;257;629;2;108;63;53;8;1;2;2;15;13
A10-2011;WIRT0-20;29;289;596;5;123;193;170;22;1;2;5;21;16
A10-2011;WIRT0-21;47;586;960;6;253;214;197;15;2;4;5;40;32
A10-2011;WIRT0-22;18;251;825;4;264;135;120;12;2;2;6;16;13
A10-2011;WIRT0-23;0;24;80;0;26;9;9;0;0;0;0;2;2
A10-2011;WIRT0-24;138;599;402;23;266;301;56;244;1;11;12;72;60
A10-2011;WIRT0-25;12;99;246;1;50;30;26;3;1;1;1;9;7
A10-2011;WIRT0-26;0;165;7;0;54;26;24;1;0;1;0;10;8
A10-2011;WIRT0-27;1884;11107;963;12536;4547;17263;10330;6926;8;360;363;1364;1121
A10-2011;WIRT0-28;0;44;3;2;42;22;21;1;0;0;1;3;2
A10-2011;WIRT0-29;8;729;107;74719;4996;156;147;7;1;781;1171;144;66
A10-2011;WIRT0-30;123;2505;100;21;1105;573;390;182;1;23;13;653;175
A10-2011;WIRT0-31;22;2073;197;5;592;374;357;17;1;15;4;740;130
A10-2011;WIRT0-32;19;3677;3268;12;1225;647;603;36;8;27;10;1812;326
A10-2011;WIRT0-33;6;655;711;12;937;197;184;12;2;5;14;62;46
A10-2011;WIRT0-34;18;4014;458;31;2178;783;720;62;2;31;21;259;214
A10-2011;WIRT0-35;14;1478;641;28;1478;370;324;45;1;12;18;218;151
A10-2011;WIRT0-36;87;20543;1381;139;6616;3902;3741;153;8;172;41;1420;1035
A10-2011;WIRT0-37;4;1005;411;22;1619;91;87;4;0;22;3;43;43
A10-2011;WIRT0-38;1;700;25;2;191;113;106;6;0;5;1;26;26
A10-2011;WIRT0-39;4;1218;53;5;441;215;201;13;1;9;3;65;56
A10-2011;WIRT0-40;2;131;18;1;169;28;27;1;0;1;2;24;15
A10-2011;WIRT0-41;54;673;733;140;5178;506;320;186;0;10;42;154;128
A10-2011;WIRT0-42;0;89;11;1;100;18;17;1;0;1;1;6;5
A10-2011;WIRT0-43;0;8;1;0;15;3;3;0;0;0;0;11;6
A10-2011;WIRT0-44;0;12;2;0;20;3;3;0;0;0;0;10;5
A10-2011;WIRT0-45;1;46;5;0;46;10;10;0;0;0;1;14;9
A10-2011;WIRT0-46;1;245;39;3;361;56;51;5;0;2;5;25;19
A10-2011;WIRT0-47;7;69;15;2;147;36;36;1;0;1;3;28;17
A10-2011;WIRT0-48;0;43;10;1;96;10;10;0;0;0;1;11;7
A10-2011;WIRT0-49;0;37;6;1;57;11;11;1;0;0;1;7;5
A10-2011;WIRT0-50;3;201;27;4;240;46;37;9;0;2;3;27;20
A10-2011;WIRT0-51;0;81;29;2;281;29;27;1;0;1;4;19;12
A10-2011;WIRT0-52;1;240;45;3;429;55;52;2;0;2;6;23;18
A10-2011;WIRT0-53;1;190;30;3;286;48;44;4;0;1;4;25;18
A10-2011;WIRT0-54;0;25;8;1;76;9;9;0;0;0;1;4;3
A10-2011;WIRT0-55;0;81;21;2;206;24;23;1;0;1;3;11;8
A10-2011;WIRT0-56;1;410;27;2;231;69;65;4;0;3;2;37;28
A10-2011;WIRT0-57;2;855;41;4;334;147;136;11;0;6;2;39;36
A10-2011;WIRT0-58;0;116;11;1;98;23;22;1;0;1;1;25;16
A10-2011;WIRT0-59;0;347;16;1;129;55;52;3;0;3;1;18;16
A10-2011;WIRT0-60;3;915;642;9;687;176;153;21;2;7;7;67;54
A10-2011;WIRT0-61;21;630;72;25;798;309;273;36;0;7;8;57;48
A10-2011;WIRT0-62;10;257;61;7;602;90;86;4;0;2;9;14;13
A10-2011;WIRT0-63;19;330;59;15;622;184;165;19;0;77;9;23;22
A10-2011;WIRT0-64;9;62;12;1;131;19;18;1;0;1;1;5;5
A10-2011;WIRT0-65;0;20;3;0;27;4;4;0;0;0;0;2;2
A10-2011;WIRT0-66;0;52;8;1;72;11;10;0;0;0;1;2;2
A10-2011;WIRT0-67;0;213;18;1;160;38;36;2;0;2;2;8;8
A10-2011;WIRT0-68;4;125;15;1;142;24;23;1;0;1;2;60;50
A10-2011;WIRT0-69;16;30;15;3;174;35;33;3;0;0;2;6;5
A10-2011;WIRT0-70;0;43;4;0;33;8;7;1;0;0;0;2;2
A10-2011;WIRT0-71;13;66;96;8;189;68;57;11;0;1;2;10;9
A10-2011;WIRT0-72;1854;59035;50140;9983;304726;24595;16066;8450;80;686;2241;11004;9977
A10-2011;WIRT0-73;23;21686;1699;87;13414;3545;3371;174;0;172;133;792;792
A10-2011;WIRT0-74;21;21073;1431;85;12428;3501;3326;174;0;157;133;765;765
A10-2011;WIRT0-75;2;613;268;1;986;45;45;0;0;16;0;27;27
A10-2011;WIRT0-77;56;52275;5958;351;51372;9473;8969;504;0;421;641;1901;1901
A10-2011;WIRT0-78;53;50981;5393;348;49291;9379;8875;504;0;387;641;1845;1845
A10-2011;WIRT0-79;3;1294;565;3;2081;94;94;0;0;34;0;56;56
A10-2011;WIRT0-81;109;1356;591;2;7160;-528;9;-537;0;75;-680;117;117
A10-2011;WIRT0-82;15163;197830;134548;289779;562116;93797;55507;23905;14384;12468;78497;32931;19135
A10-2012;WIRT100;14642;156906;127073;284631;517040;86295;46893;25475;13927;11980;78677;31026;17373
A10-2012;WIRT101;12722;101922;76526;274301;207078;61992;31570;16573;13849;11307;76539;20074;7468
A10-2012;WIRT0-1;108;15433;42332;181380;12061;1459;648;669;142;9188;74155;4681;871
A10-2012;WIRT0-2;16;685;241;266;1794;201;99;102;0;8;6;100;88
A10-2012;WIRT0-3;0;9;3;3;22;3;1;1;0;0;0;1;1
A10-2012;WIRT0-4;47;1596;526;6077;348;832;334;10;489;9;4;4716;568
A10-2012;WIRT0-5;227;1847;3320;96;538;1169;1085;83;1;13;26;95;79
A10-2012;WIRT0-6;24;90;474;2;22;82;80;2;1;0;2;6;4
A10-2012;WIRT0-7;5;27;99;0;11;13;13;0;0;0;0;3;2
A10-2012;WIRT0-8;3;24;52;1;12;20;19;2;0;0;1;2;1
A10-2012;WIRT0-9;1204;3878;1915;240;1874;2528;298;2225;4;88;103;959;599
A10-2012;WIRT0-10;997;4927;449;246;1936;5700;2035;3664;1;98;65;249;204
A10-2012;WIRT0-11;0;53;2689;0;35;15;9;0;6;0;0;5;4
A10-2012;WIRT0-12;445;936;687;348;422;2837;2837;0;0;15;87;143;86
A10-2012;WIRT0-13;746;1960;2963;2048;11616;2752;1508;573;672;203;131;488;329
A10-2012;WIRT0-14;0;13;1789;0;8;6;2;0;4;0;0;2;2
A10-2012;WIRT0-15;27;183;594;3;61;114;108;5;1;1;3;12;9
A10-2012;WIRT0-16;995;8823;740;196;17870;5532;2570;589;2373;71;122;398;332
A10-2012;WIRT0-17;5456;5094;4078;174;122825;11903;1789;4;10111;7;29;674;349
A10-2012;WIRT0-18;226;888;300;24;365;512;351;160;1;10;17;74;60
A10-2012;WIRT0-19;6;159;590;1;76;46;38;7;1;1;1;11;8
A10-2012;WIRT0-20;23;280;542;6;115;216;196;19;1;2;5;18;14
A10-2012;WIRT0-21;33;473;927;5;212;187;170;14;2;3;5;32;25
A10-2012;WIRT0-22;20;248;828;5;261;144;131;11;2;2;6;15;12
A10-2012;WIRT0-23;0;27;77;0;27;9;9;0;0;0;0;2;2
A10-2012;WIRT0-24;136;532;366;23;238;294;46;248;1;10;12;63;52
A10-2012;WIRT0-25;7;71;221;1;38;23;20;3;1;1;1;7;5
A10-2012;WIRT0-26;0;197;7;0;64;31;30;2;0;1;0;11;9
A10-2012;WIRT0-27;1551;10970;985;12608;4642;16259;8886;7368;6;360;364;1397;1157
A10-2012;WIRT0-28;0;41;2;2;35;23;23;1;0;0;1;3;2
A10-2012;WIRT0-29;7;947;109;70092;4765;188;177;9;2;790;1177;173;78
A10-2012;WIRT0-30;196;2375;81;23;1023;604;405;198;1;22;14;637;162
A10-2012;WIRT0-31;23;1938;170;5;535;364;347;16;1;14;4;685;115
A10-2012;WIRT0-32;22;3604;3313;12;1199;652;605;38;9;27;10;1808;311
A10-2012;WIRT0-33;6;581;681;10;749;163;150;11;2;5;10;57;41
A10-2012;WIRT0-34;13;3675;445;27;1883;710;651;58;2;28;17;232;187
A10-2012;WIRT0-35;6;1316;577;17;1073;293;258;35;1;11;12;202;136
A10-2012;WIRT0-36;75;18703;1276;129;6245;3532;3373;151;8;163;37;1286;905
A10-2012;WIRT0-37;2;865;346;19;1436;77;74;3;0;19;2;36;36
A10-2012;WIRT0-38;1;645;20;2;173;109;102;6;0;5;1;21;21
A10-2012;WIRT0-39;3;1269;47;6;433;232;217;14;1;9;3;62;53
A10-2012;WIRT0-40;0;116;12;1;118;22;21;1;0;1;1;23;14
A10-2012;WIRT0-41;27;516;616;95;4088;368;238;129;0;7;32;118;95
A10-2012;WIRT0-42;0;81;9;1;87;17;16;1;0;1;1;5;4
A10-2012;WIRT0-43;0;8;1;0;12;3;3;0;0;0;0;11;6
A10-2012;WIRT0-44;0;10;2;0;17;2;2;0;0;0;0;10;5
A10-2012;WIRT0-45;0;41;3;0;32;8;7;0;0;0;0;14;8
A10-2012;WIRT0-46;1;219;30;3;295;49;45;4;0;2;4;24;17
A10-2012;WIRT0-47;0;48;13;1;128;13;12;1;0;0;2;27;16
A10-2012;WIRT0-48;0;39;9;1;89;10;9;0;0;0;1;11;7
A10-2012;WIRT0-49;0;33;4;1;43;10;9;0;0;0;1;7;5
A10-2012;WIRT0-50;1;115;20;3;192;32;24;8;0;1;2;23;17
A10-2012;WIRT0-51;0;69;21;2;216;24;23;1;0;1;3;18;12
A10-2012;WIRT0-52;0;212;34;2;338;47;45;2;0;2;5;22;17
A10-2012;WIRT0-53;1;232;26;3;256;55;50;4;0;2;3;26;19
A10-2012;WIRT0-54;0;21;5;1;57;8;7;0;0;0;1;4;3
A10-2012;WIRT0-55;0;72;16;1;161;22;21;1;0;1;2;10;7
A10-2012;WIRT0-56;1;375;21;2;195;64;60;4;0;3;2;34;25
A10-2012;WIRT0-57;2;784;34;3;296;133;122;10;0;6;2;33;30
A10-2012;WIRT0-58;0;105;8;1;80;19;18;1;0;1;1;24;15
A10-2012;WIRT0-59;1;319;13;1;112;52;49;3;0;2;1;16;14
A10-2012;WIRT0-60;3;915;458;8;615;173;152;21;1;7;6;64;50
A10-2012;WIRT0-61;15;1133;94;42;1033;554;508;45;0;11;13;75;65
A10-2012;WIRT0-62;0;213;48;4;483;57;54;3;0;2;7;10;10
A10-2012;WIRT0-63;5;328;41;16;446;245;230;15;0;68;10;20;19
A10-2012;WIRT0-64;0;50;7;0;65;10;10;1;0;0;1;3;3
A10-2012;WIRT0-65;0;18;2;0;22;4;3;0;0;0;0;2;2
A10-2012;WIRT0-66;0;47;7;0;66;10;9;0;0;0;1;2;2
A10-2012;WIRT0-67;0;196;15;1;148;36;34;2;0;2;2;7;7
A10-2012;WIRT0-68;3;114;12;1;130;22;21;1;0;1;2;54;45
A10-2012;WIRT0-69;1;15;5;2;51;17;15;2;0;0;1;2;2
A10-2012;WIRT0-70;0;40;3;0;31;8;7;1;0;0;0;2;2
A10-2012;WIRT0-71;6;59;74;7;134;64;54;10;0;1;2;10;9
A10-2012;WIRT0-72;1919;54984;50547;10329;309962;24303;15324;8902;77;673;2139;10951;9905
A10-2012;WIRT0-73;23;21631;1558;86;13382;3633;3458;175;0;173;128;711;711
A10-2012;WIRT0-74;22;21089;1326;85;12484;3593;3418;175;0;159;128;687;687
A10-2012;WIRT0-75;1;541;232;1;898;40;40;0;0;14;0;23;23
A10-2012;WIRT0-77;62;56670;5774;356;53076;10464;9898;566;0;459;615;1867;1867
A10-2012;WIRT0-78;59;55408;5234;353;50981;10370;9804;566;0;427;615;1812;1812
A10-2012;WIRT0-79;3;1262;541;3;2095;94;94;0;0;33;0;54;54
A10-2012;WIRT0-81;104;1307;539;2;4910;-507;1;-508;0;75;-681;113;113
A10-2012;WIRT0-82;14785;193252;131828;284903;561644;92619;53334;25359;13927;12341;78484;32295;18642
A10-2013;WIRT100;14933;158021;125125;280318;525014;87350;47734;25359;14257;11863;78361;31173;17518
A10-2013;WIRT101;13231;107146;74790;269949;216140;63033;32585;16269;14180;11205;76282;20367;7791
A10-2013;WIRT0-1;117;15255;41999;182468;12183;1533;665;733;135;9064;74044;4658;864
A10-2013;WIRT0-2;17;678;239;286;1781;211;101;109;0;8;6;98;85
A10-2013;WIRT0-3;0;9;3;4;23;3;1;1;0;0;0;1;1
A10-2013;WIRT0-4;40;1035;497;5383;308;701;171;8;522;8;2;4723;563
A10-2013;WIRT0-5;167;1415;3424;89;379;976;932;43;1;9;20;63;50
A10-2013;WIRT0-6;7;62;366;1;13;70;69;0;1;0;1;4;3
A10-2013;WIRT0-7;5;18;90;0;7;10;9;0;0;0;0;3;2
A10-2013;WIRT0-8;2;23;49;1;10;25;25;1;0;0;1;2;1
A10-2013;WIRT0-9;1428;4070;1764;262;1914;2853;292;2557;4;98;118;834;494
A10-2013;WIRT0-10;1064;4696;436;249;1982;5609;1910;3697;1;99;64;279;229
A10-2013;WIRT0-11;0;24;2254;0;17;9;4;0;5;0;0;4;3
A10-2013;WIRT0-12;256;924;625;356;487;2827;2827;0;0;15;88;131;76
A10-2013;WIRT0-13;720;1811;2340;2116;11641;2503;1402;493;608;189;130;492;332
A10-2013;WIRT0-14;0;9;1528;0;5;5;2;0;3;0;0;3;2
A10-2013;WIRT0-15;26;137;549;2;36;92;88;2;1;1;2;11;8
A10-2013;WIRT0-16;1144;8848;720;203;17824;5678;2731;583;2363;70;102;409;337
A10-2013;WIRT0-17;5617;4660;4004;189;127596;12482;1933;58;10491;8;33;694;360
A10-2013;WIRT0-18;74;475;189;7;207;275;257;17;1;3;7;34;25
A10-2013;WIRT0-19;3;67;539;1;45;28;27;0;1;0;1;7;5
A10-2013;WIRT0-20;17;153;509;2;71;83;77;4;1;1;2;14;10
A10-2013;WIRT0-21;34;376;888;4;170;176;160;13;2;3;4;28;20
A10-2013;WIRT0-22;13;200;753;3;78;119;107;10;2;1;3;13;9
A10-2013;WIRT0-23;0;25;74;0;27;9;8;0;0;0;0;2;1
A10-2013;WIRT0-24;22;221;318;4;79;82;43;38;1;3;2;18;14
A10-2013;WIRT0-25;5;37;203;0;23;15;14;1;0;0;0;6;4
A10-2013;WIRT0-26;0;226;8;0;76;37;35;2;0;2;0;11;9
A10-2013;WIRT0-27;1407;10637;1003;12750;4433;15294;8044;7245;5;353;345;1345;1112
A10-2013;WIRT0-28;0;24;1;2;20;20;20;1;0;0;0;2;2
A10-2013;WIRT0-29;6;1005;105;65079;4484;202;191;10;2;777;1111;175;77
A10-2013;WIRT0-30;47;1991;67;6;940;372;344;27;1;15;5;582;120
A10-2013;WIRT0-31;35;1775;157;5;527;348;332;15;1;13;4;648;102
A10-2013;WIRT0-32;39;3678;3365;10;1252;664;610;45;9;29;9;1803;300
A10-2013;WIRT0-33;6;551;657;10;618;161;147;12;2;4;8;57;40
A10-2013;WIRT0-34;15;3549;423;30;1854;723;649;72;2;29;15;225;176
A10-2013;WIRT0-35;7;1265;538;15;897;296;266;29;1;10;10;201;131
A10-2013;WIRT0-36;73;18145;1173;137;6193;3721;3570;142;8;155;41;1190;799
A10-2013;WIRT0-37;3;1016;393;21;1625;89;85;4;0;22;2;42;42
A10-2013;WIRT0-38;740;10621;1123;56;6667;2439;2433;6;0;84;6;816;816
A10-2013;WIRT0-39;2;1205;40;3;406;206;194;11;1;9;2;56;46
A10-2013;WIRT0-40;0;109;8;1;87;21;20;1;0;1;1;24;14
A10-2013;WIRT0-41;25;463;567;84;3765;332;213;118;0;7;28;109;87
A10-2013;WIRT0-42;0;77;7;1;79;16;16;1;0;1;1;5;4
A10-2013;WIRT0-43;0;7;1;0;10;3;3;0;0;0;0;11;6
A10-2013;WIRT0-44;0;10;1;0;15;2;2;0;0;0;0;10;6
A10-2013;WIRT0-45;0;39;3;0;27;8;7;0;0;0;0;14;9
A10-2013;WIRT0-46;1;208;24;3;250;48;43;5;0;2;3;24;17
A10-2013;WIRT0-47;0;45;11;1;122;13;12;1;0;0;2;28;16
A10-2013;WIRT0-48;0;37;8;1;86;10;10;0;0;0;1;11;7
A10-2013;WIRT0-49;0;31;3;1;35;9;9;0;0;0;0;7;5
A10-2013;WIRT0-50;1;108;17;3;165;30;21;9;0;1;1;21;15
A10-2013;WIRT0-51;0;61;15;1;161;21;20;1;0;0;2;18;11
A10-2013;WIRT0-52;0;197;25;2;262;43;41;2;0;2;3;20;15
A10-2013;WIRT0-53;1;218;21;2;215;50;46;4;0;2;2;26;18
A10-2013;WIRT0-54;0;20;6;1;56;9;6;3;0;0;1;5;4
A10-2013;WIRT0-55;0;64;11;1;120;18;17;1;0;1;2;10;7
A10-2013;WIRT0-56;1;360;18;2;180;64;59;4;0;3;1;34;24
A10-2013;WIRT0-57;2;756;29;3;288;133;121;11;0;6;2;30;27
A10-2013;WIRT0-58;0;100;7;1;69;19;18;1;0;1;1;25;15
A10-2013;WIRT0-59;0;307;10;1;105;51;48;3;0;2;1;14;12
A10-2013;WIRT0-60;4;881;304;9;573;175;150;24;1;7;5;62;48
A10-2013;WIRT0-61;18;1096;94;43;1056;544;493;50;0;11;13;73;62
A10-2013;WIRT0-62;0;202;43;4;461;56;54;2;0;2;6;8;8
A10-2013;WIRT0-63;6;326;34;17;396;261;243;19;0;66;9;19;18
A10-2013;WIRT0-64;0;47;6;0;62;10;10;0;0;0;1;2;2
A10-2013;WIRT0-65;0;17;2;0;21;4;3;0;0;0;0;1;1
A10-2013;WIRT0-66;0;45;6;0;64;10;9;0;0;0;1;1;1
A10-2013;WIRT0-67;0;189;15;1;149;37;34;3;0;2;2;6;6
A10-2013;WIRT0-68;3;109;11;1;124;22;21;1;0;1;1;51;42
A10-2013;WIRT0-69;1;13;4;2;44;14;12;3;0;0;1;2;2
A10-2013;WIRT0-70;0;38;3;0;32;8;7;1;0;0;0;2;2
A10-2013;WIRT0-71;7;50;60;7;164;49;41;7;0;0;1;10;9
A10-2013;WIRT0-72;1702;50875;50335;10368;308873;24317;15149;9091;77;657;2079;10806;9727
A10-2013;WIRT0-73;753;32182;2528;137;19551;6143;5952;191;0;263;118;1435;1435
A10-2013;WIRT0-74;23;21700;1178;81;12142;3800;3609;191;0;169;112;622;622
A10-2013;WIRT0-75;2;640;261;1;1018;48;48;0;0;16;0;27;27
A10-2013;WIRT0-76;728;9842;1089;54;6392;2295;2295;0;0;78;5;786;786
A10-2013;WIRT0-77;75;66699;5622;362;55103;12373;11760;612;0;546;575;1945;1945
A10-2013;WIRT0-78;71;65405;5093;359;53043;12276;11663;612;0;513;575;1890;1890
A10-2013;WIRT0-79;4;1295;529;3;2060;97;97;0;0;33;0;55;55
A10-2013;WIRT0-80;0;0;0;0;0;0;0;0;0;0;0;0;0
A10-2013;WIRT0-81;90;1148;507;-1;4910;-516;-40;-476;0;73;-685;97;97
A10-2013;WIRT0-82;14345;193686;128727;280543;565476;93064;53502;25305;14257;12219;78133;31781;18125
A10-2014;WIRT100;15131;152062;118869;274558;492073;82374;44285;23805;14284;12130;79262;29924;16058
A10-2014;WIRT101;13687;104260;72287;265551;218606;60094;30133;15756;14205;11511;77310;20104;7271
A10-2014;WIRT0-1;113;15439;41473;183534;10556;1479;661;678;140;9401;75094;4580;807
A10-2014;WIRT0-2;17;668;208;265;1545;204;102;102;0;8;6;89;77
A10-2014;WIRT0-3;0;9;3;3;19;3;1;1;0;0;0;1;1
A10-2014;WIRT0-4;37;1116;523;5020;306;706;194;9;503;8;2;4953;588
A10-2014;WIRT0-5;202;1503;3378;93;392;1073;1029;43;1;10;22;65;51
A10-2014;WIRT0-6;9;53;262;1;13;56;55;0;1;0;1;4;3
A10-2014;WIRT0-7;4;15;78;0;5;7;7;0;0;0;0;3;2
A10-2014;WIRT0-8;2;22;47;1;11;21;19;1;0;0;0;2;1
A10-2014;WIRT0-9;1438;3999;1602;261;1897;2827;266;2558;4;98;118;765;439
A10-2014;WIRT0-10;1097;4398;415;235;1887;5348;1753;3594;1;94;54;218;178
A10-2014;WIRT0-11;0;25;1816;0;16;9;4;0;4;0;0;4;3
A10-2014;WIRT0-12;518;1025;701;348;384;2714;2714;0;0;14;85;119;67
A10-2014;WIRT0-13;673;1756;2361;2042;11605;2615;1436;454;726;187;120;448;293
A10-2014;WIRT0-14;0;8;1225;0;5;4;2;0;3;0;0;2;1
A10-2014;WIRT0-15;24;134;509;2;34;88;85;1;1;1;2;10;7
A10-2014;WIRT0-16;1381;8349;645;194;17712;5520;2651;509;2360;67;129;329;269
A10-2014;WIRT0-17;5638;4416;3921;180;136865;12273;1844;7;10422;7;31;657;331
A10-2014;WIRT0-18;64;457;103;7;195;253;228;24;0;3;6;32;24
A10-2014;WIRT0-19;2;60;492;1;49;24;22;1;1;0;1;7;5
A10-2014;WIRT0-20;12;140;471;2;68;73;66;5;1;1;2;13;9
A10-2014;WIRT0-21;28;355;835;4;151;153;141;10;2;3;4;26;19
A10-2014;WIRT0-22;11;191;748;3;79;104;90;12;2;2;2;12;9
A10-2014;WIRT0-23;0;29;72;0;26;9;9;0;0;0;0;2;2
A10-2014;WIRT0-24;22;197;290;4;72;73;35;38;1;2;2;16;12
A10-2014;WIRT0-25;6;43;188;0;24;15;14;1;0;0;0;6;4
A10-2014;WIRT0-26;0;223;7;1;78;37;35;2;0;2;1;10;8
A10-2014;WIRT0-27;1321;10100;964;12455;4054;13627;6527;7095;5;327;317;1202;999
A10-2014;WIRT0-28;0;20;1;1;16;15;15;1;0;0;0;2;1
A10-2014;WIRT0-29;6;1131;102;60465;4207;219;205;12;2;789;1153;214;90
A10-2014;WIRT0-30;50;1841;61;7;903;347;313;33;1;15;5;608;115
A10-2014;WIRT0-31;34;1768;157;5;518;344;326;17;1;14;4;655;98
A10-2014;WIRT0-32;29;2918;3398;9;982;525;479;38;9;24;7;1880;282
A10-2014;WIRT0-33;5;503;621;6;322;123;113;8;2;4;4;53;36
A10-2014;WIRT0-34;14;3425;404;24;1498;670;598;71;2;29;11;210;162
A10-2014;WIRT0-35;6;1198;489;9;543;251;230;20;1;10;6;191;123
A10-2014;WIRT0-36;73;17533;1120;136;5704;3570;3407;155;8;159;38;1132;739
A10-2014;WIRT0-37;3;1024;389;18;1623;91;86;4;0;22;2;42;42
A10-2014;WIRT0-38;769;11094;1161;59;6595;2543;2536;6;0;87;7;847;847
A10-2014;WIRT0-39;3;1174;35;4;365;200;185;14;1;10;2;53;43
A10-2014;WIRT0-40;0;102;3;0;29;17;16;1;0;1;0;23;14
A10-2014;WIRT0-41;28;420;514;73;3412;302;189;112;0;6;24;102;80
A10-2014;WIRT0-42;0;75;6;1;65;17;16;1;0;1;1;5;4
A10-2014;WIRT0-43;0;6;0;0;5;2;2;0;0;0;0;11;6
A10-2014;WIRT0-44;0;9;1;0;12;2;2;0;0;0;0;10;6
A10-2014;WIRT0-45;0;37;2;0;18;7;6;0;0;0;0;14;8
A10-2014;WIRT0-46;0;193;14;2;147;39;35;4;0;2;1;22;16
A10-2014;WIRT0-47;0;43;10;1;114;12;12;1;0;0;1;27;16
A10-2014;WIRT0-48;0;35;7;1;80;9;9;0;0;0;1;11;7
A10-2014;WIRT0-49;0;27;2;0;18;5;5;0;0;0;0;7;5
A10-2014;WIRT0-50;0;96;7;1;74;19;18;1;0;1;1;19;12
A10-2014;WIRT0-51;0;50;5;1;59;13;12;1;0;0;1;18;11
A10-2014;WIRT0-52;0;181;11;1;124;34;32;2;0;1;1;20;15
A10-2014;WIRT0-53;1;207;13;2;143;44;41;3;0;2;1;25;17
A10-2014;WIRT0-54;0;17;2;1;18;6;4;1;0;0;0;4;3
A10-2014;WIRT0-55;0;56;4;0;48;12;11;1;0;0;1;10;7
A10-2014;WIRT0-56;1;348;13;1;135;60;56;4;0;3;1;32;22
A10-2014;WIRT0-57;1;733;22;2;230;125;116;9;0;6;1;26;24
A10-2014;WIRT0-58;0;96;4;0;48;17;16;1;0;1;0;24;15
A10-2014;WIRT0-59;0;298;8;1;86;49;46;3;0;2;0;14;11
A10-2014;WIRT0-60;2;840;159;4;362;151;140;10;1;7;3;54;40
A10-2014;WIRT0-61;15;1051;70;35;834;524;482;41;0;11;12;65;55
A10-2014;WIRT0-62;0;192;39;3;431;53;50;2;0;2;5;8;8
A10-2014;WIRT0-63;8;282;13;12;186;196;186;10;0;58;5;15;14
A10-2014;WIRT0-64;0;46;5;0;58;10;9;0;0;0;1;2;2
A10-2014;WIRT0-65;0;17;2;0;20;4;3;0;0;0;0;2;2
A10-2014;WIRT0-66;0;43;5;0;60;10;9;0;0;0;1;1;1
A10-2014;WIRT0-67;1;183;13;1;139;36;33;3;0;2;1;5;5
A10-2014;WIRT0-68;3;105;10;1;117;21;20;1;0;1;1;49;41
A10-2014;WIRT0-69;1;8;1;1;17;9;8;1;0;0;0;1;1
A10-2014;WIRT0-70;0;37;3;0;30;8;7;1;0;0;0;2;2
A10-2014;WIRT0-71;12;69;43;9;163;73;57;16;0;1;2;13;13
A10-2014;WIRT0-72;1444;47802;46582;9008;273467;22280;14152;8049;80;619;1952;9820;8786
A10-2014;WIRT0-73;781;30331;2451;137;18684;5890;5705;186;0;257;110;1360;1360
A10-2014;WIRT0-74;21;19325;1053;79;11288;3450;3264;186;0;159;105;513;513
A10-2014;WIRT0-75;2;670;268;2;1057;51;51;0;0;17;0;29;29
A10-2014;WIRT0-76;758;10336;1129;56;6339;2390;2390;0;0;81;5;819;819
A10-2014;WIRT0-77;72;63740;5184;353;52257;11967;11331;636;0;550;522;1731;1731
A10-2014;WIRT0-78;69;62415;4655;350;50169;11867;11230;636;0;516;521;1675;1675
A10-2014;WIRT0-79;3;1324;530;3;2087;100;100;0;0;34;0;56;56
A10-2014;WIRT0-80;0;0;0;0;0;0;0;0;0;0;0;0;0
A10-2014;WIRT0-81;91;1197;506;1;4653;-447;-37;-411;0;75;-690;99;99
A10-2014;WIRT0-82;14514;186668;122108;274775;530299;88003;49874;23845;14284;12498;78983;30394;16528
A10-2015;WIRT100;14653;145871;117181;271384;503036;84526;45132;24686;14708;12117;79932;29719;15884
A10-2015;WIRT101;13269;100551;70176;262174;226357;61531;30774;16126;14631;11491;77986;19869;7103
A10-2015;WIRT0-1;108;15589;41042;184215;10833;1493;648;693;152;9390;75707;4575;813
A10-2015;WIRT0-2;17;652;225;282;1664;211;103;108;0;9;6;94;81
A10-2015;WIRT0-3;0;9;3;4;21;3;1;1;0;0;0;1;1
A10-2015;WIRT0-4;40;963;468;4736;240;652;180;9;463;7;2;4772;570
A10-2015;WIRT0-5;197;1472;3443;93;328;1127;1075;51;1;10;22;64;49
A10-2015;WIRT0-6;10;48;127;1;9;50;50;0;0;0;1;4;3
A10-2015;WIRT0-7;5;16;69;0;4;8;7;0;0;0;0;3;2
A10-2015;WIRT0-8;2;19;41;0;9;18;16;1;0;0;0;1;1
A10-2015;WIRT0-9;1428;4620;1456;262;2057;2942;360;2579;4;105;119;733;411
A10-2015;WIRT0-10;946;4359;398;235;1890;5301;1839;3460;1;92;58;255;209
A10-2015;WIRT0-11;0;23;1365;0;13;7;4;0;3;0;0;4;3
A10-2015;WIRT0-12;235;1057;652;366;310;2805;2805;0;0;16;88;121;68
A10-2015;WIRT0-13;627;1727;2215;2038;11568;2496;1408;391;698;181;110;436;285
A10-2015;WIRT0-14;0;9;885;0;5;4;2;0;2;0;0;2;1
A10-2015;WIRT0-15;22;120;465;2;33;80;78;1;1;1;2;10;7
A10-2015;WIRT0-16;1452;7770;639;203;14824;5546;2551;584;2411;69;153;332;270
A10-2015;WIRT0-17;5746;4761;3899;180;147872;12621;1759;8;10855;6;27;645;315
A10-2015;WIRT0-18;64;443;27;7;173;258;232;26;0;3;6;31;23
A10-2015;WIRT0-19;2;52;440;1;40;23;21;1;1;0;1;7;4
A10-2015;WIRT0-20;12;131;439;2;53;69;63;5;1;1;2;13;9
A10-2015;WIRT0-21;27;325;776;4;129;144;131;11;2;3;3;25;18
A10-2015;WIRT0-22;9;164;796;2;60;89;77;10;2;1;2;11;8
A10-2015;WIRT0-23;0;31;70;0;25;10;9;0;0;0;0;2;2
A10-2015;WIRT0-24;27;199;263;5;69;81;31;49;1;3;3;16;11
A10-2015;WIRT0-25;4;44;174;0;26;16;14;1;0;0;0;6;4
A10-2015;WIRT0-26;0;211;7;1;73;37;35;2;0;2;1;10;8
A10-2015;WIRT0-27;1237;10719;985;12358;4368;14996;7527;7463;5;344;349;1242;1034
A10-2015;WIRT0-28;0;20;1;1;15;11;10;1;0;0;0;3;2
A10-2015;WIRT0-29;6;1047;94;56712;3922;211;196;13;2;798;1169;252;100
A10-2015;WIRT0-30;54;1528;47;6;764;300;273;27;1;13;5;634;107
A10-2015;WIRT0-31;34;1476;145;5;413;295;278;16;1;12;4;636;87
A10-2015;WIRT0-32;27;2629;3444;9;833;496;448;39;9;23;7;1898;272
A10-2015;WIRT0-33;5;387;610;6;280;104;92;10;1;3;3;51;34
A10-2015;WIRT0-34;14;3101;376;28;1369;643;558;83;2;28;9;203;153
A10-2015;WIRT0-35;5;1317;515;11;795;294;270;23;1;12;9;197;127
A10-2015;WIRT0-36;61;13583;988;139;4581;3159;3018;135;7;126;39;986;591
A10-2015;WIRT0-37;2;1046;408;18;1766;93;88;5;0;23;2;43;43
A10-2015;WIRT0-38;766;12215;1168;60;6932;2693;2674;18;1;95;8;865;865
A10-2015;WIRT0-39;11;1164;45;9;468;231;202;28;1;10;3;55;45
A10-2015;WIRT0-40;0;62;1;0;16;11;10;1;0;1;0;22;13
A10-2015;WIRT0-41;24;373;585;84;3726;308;188;120;0;6;23;111;89
A10-2015;WIRT0-42;0;68;4;1;52;16;15;1;0;1;1;5;3
A10-2015;WIRT0-43;0;5;0;0;5;2;1;0;0;0;0;12;7
A10-2015;WIRT0-44;0;10;1;0;10;2;2;0;0;0;0;10;6
A10-2015;WIRT0-45;0;28;1;0;15;6;5;0;0;0;0;14;8
A10-2015;WIRT0-46;0;167;12;1;134;36;32;3;0;1;1;22;15
A10-2015;WIRT0-47;0;41;10;1;112;13;12;1;0;0;1;28;16
A10-2015;WIRT0-48;0;34;7;1;77;10;9;0;0;0;1;11;7
A10-2015;WIRT0-49;0;15;1;0;13;3;3;0;0;0;0;7;4
A10-2015;WIRT0-50;0;111;7;1;74;22;21;1;0;1;1;19;13
A10-2015;WIRT0-51;0;60;6;1;64;15;15;1;0;1;1;19;12
A10-2015;WIRT0-52;0;175;10;1;109;34;32;2;0;2;1;20;15
A10-2015;WIRT0-53;1;197;10;1;116;42;38;3;0;2;1;25;17
A10-2015;WIRT0-54;0;20;3;1;28;7;6;2;0;0;0;5;3
A10-2015;WIRT0-55;0;51;4;0;44;12;12;1;0;0;1;10;7
A10-2015;WIRT0-56;0;337;11;1;119;61;56;4;0;3;1;32;22
A10-2015;WIRT0-57;1;710;20;2;215;126;115;10;0;6;1;24;21
A10-2015;WIRT0-58;0;58;3;0;30;11;10;1;0;0;0;24;14
A10-2015;WIRT0-59;0;230;6;1;63;40;38;2;0;2;0;11;9
A10-2015;WIRT0-60;1;682;59;4;307;133;122;10;0;6;3;49;35
A10-2015;WIRT0-61;15;1100;69;37;864;550;500;50;0;11;12;65;55
A10-2015;WIRT0-62;0;185;37;3;418;54;51;3;0;2;5;8;8
A10-2015;WIRT0-63;6;282;19;14;224;214;195;19;0;53;6;18;17
A10-2015;WIRT0-64;0;44;5;0;56;10;9;1;0;0;1;2;2
A10-2015;WIRT0-65;0;16;2;0;19;4;3;0;0;0;0;2;2
A10-2015;WIRT0-66;0;42;5;0;58;10;9;1;0;0;1;1;1
A10-2015;WIRT0-67;0;177;12;1;133;36;33;3;0;2;1;5;5
A10-2015;WIRT0-68;2;109;10;1;113;23;22;1;0;1;1;28;24
A10-2015;WIRT0-69;1;10;2;1;22;12;10;3;0;0;0;2;2
A10-2015;WIRT0-70;0;28;2;0;21;6;5;0;0;0;0;1;1
A10-2015;WIRT0-71;12;76;41;14;264;88;58;30;0;1;2;18;17
A10-2015;WIRT0-72;1384;45319;47005;9210;276680;22995;14358;8560;77;626;1946;9850;8781
A10-2015;WIRT0-73;775;27827;2323;135;17788;5592;5408;184;0;242;105;1250;1250
A10-2015;WIRT0-74;19;16672;913;78;10147;3159;2975;184;0;144;99;405;405
A10-2015;WIRT0-75;2;729;295;2;1216;56;56;0;0;18;0;31;31
A10-2015;WIRT0-76;754;10426;1115;55;6425;2377;2377;0;0;80;5;814;814
A10-2015;WIRT0-77;77;64701;4863;369;50750;12684;11952;732;0;580;508;1609;1609
A10-2015;WIRT0-78;74;63488;4373;366;48727;12590;11858;732;0;550;508;1557;1557
A10-2015;WIRT0-79;3;1212;490;3;2022;94;94;0;0;30;0;51;51
A10-2015;WIRT0-80;0;1;0;0;0;0;0;0;0;0;0;0;0
A10-2015;WIRT0-81;97;1286;531;1;5116;-377;-26;-351;0;79;-695;105;105
A10-2015;WIRT0-82;14052;184031;120253;271619;541114;91240;51650;24883;14708;12534;79640;30183;16348
A10-2016;WIRT100;13756;137856;116015;268955;499948;83993;45308;24362;14322;12364;80768;29354;15553
A10-2016;WIRT101;12370;94704;68536;259538;219607;60273;30423;15608;14242;11727;78818;19428;6732
A10-2016;WIRT0-1;116;15496;40867;185275;10469;1528;664;706;158;9697;76558;4534;791
A10-2016;WIRT0-2;18;604;221;293;1625;218;106;112;0;9;6;91;78
A10-2016;WIRT0-3;0;9;4;5;27;4;2;2;0;0;0;2;1
A10-2016;WIRT0-4;24;863;459;4656;208;633;175;8;450;7;2;4758;566
A10-2016;WIRT0-5;156;1207;3454;95;273;953;902;51;1;9;19;62;47
A10-2016;WIRT0-6;11;65;121;1;12;71;70;0;0;0;1;4;3
A10-2016;WIRT0-7;3;12;63;0;3;6;6;0;0;0;0;3;2
A10-2016;WIRT0-8;2;19;39;1;11;18;16;2;0;0;0;1;1
A10-2016;WIRT0-9;1215;3319;1351;228;1599;2431;245;2183;3;85;101;633;326
A10-2016;WIRT0-10;958;4395;397;240;1926;5352;1786;3565;1;95;59;198;162
A10-2016;WIRT0-11;0;14;1216;0;10;6;3;0;3;0;0;4;3
A10-2016;WIRT0-12;359;991;640;347;639;2785;2785;0;0;16;85;107;57
A10-2016;WIRT0-13;634;1844;2201;2033;11551;2720;1563;429;729;147;120;482;327
A10-2016;WIRT0-14;0;8;822;0;5;4;2;0;2;0;0;2;1
A10-2016;WIRT0-15;17;111;445;2;26;83;81;1;1;1;2;9;6
A10-2016;WIRT0-16;1171;7610;568;207;12306;5673;2653;581;2439;70;103;322;261
A10-2016;WIRT0-17;5517;4752;3847;178;146969;12362;1940;8;10414;7;26;587;291
A10-2016;WIRT0-18;61;397;22;7;136;262;240;22;0;3;6;29;20
A10-2016;WIRT0-19;1;52;430;1;38;24;22;1;1;0;1;7;4
A10-2016;WIRT0-20;12;138;432;2;50;96;90;5;1;1;2;13;8
A10-2016;WIRT0-21;25;275;761;3;75;130;119;9;2;2;3;23;16
A10-2016;WIRT0-22;14;184;815;3;68;108;98;8;2;2;2;12;8
A10-2016;WIRT0-23;0;26;73;0;22;9;9;0;0;0;0;2;1
A10-2016;WIRT0-24;27;169;251;5;63;76;30;46;1;3;2;14;10
A10-2016;WIRT0-25;4;41;171;0;23;15;14;1;0;0;0;6;4
A10-2016;WIRT0-26;0;172;5;1;62;34;32;2;0;2;1;9;7
A10-2016;WIRT0-27;1036;9939;969;12217;4159;14637;7334;7297;6;331;348;1160;970
A10-2016;WIRT0-28;0;11;1;1;9;7;6;0;0;0;0;2;1
A10-2016;WIRT0-29;6;1111;92;53339;3684;244;227;15;2;822;1219;267;105
A10-2016;WIRT0-30;52;1363;43;7;740;310;277;32;1;13;5;653;104
A10-2016;WIRT0-31;28;1141;140;5;320;251;238;13;1;11;3;607;75
A10-2016;WIRT0-32;33;2169;3429;9;665;453;413;31;9;21;6;1893;259
A10-2016;WIRT0-33;8;355;610;7;242;115;98;15;2;4;3;52;34
A10-2016;WIRT0-34;18;2285;336;22;942;559;498;60;2;23;10;176;126
A10-2016;WIRT0-35;7;845;512;9;793;216;200;15;1;8;10;186;114
A10-2016;WIRT0-36;60;10594;873;133;3549;2795;2685;105;6;109;37;912;514
A10-2016;WIRT0-37;3;1107;423;18;1834;97;92;5;0;25;2;46;46
A10-2016;WIRT0-38;660;14710;517;25;7356;2930;2901;27;2;91;10;899;899
A10-2016;WIRT0-39;16;1242;35;8;382;257;235;21;1;12;3;53;43
A10-2016;WIRT0-40;0;47;1;0;12;9;9;1;0;0;0;22;13
A10-2016;WIRT0-41;26;293;563;73;3473;259;173;86;0;4;22;96;74
A10-2016;WIRT0-42;0;60;5;1;55;15;14;1;0;1;1;5;3
A10-2016;WIRT0-43;0;3;0;0;2;1;1;0;0;0;0;12;7
A10-2016;WIRT0-44;0;4;1;0;6;1;1;0;0;0;0;10;6
A10-2016;WIRT0-45;0;18;1;0;8;4;3;0;0;0;0;14;8
A10-2016;WIRT0-46;0;119;8;1;82;28;24;3;0;1;1;20;13
A10-2016;WIRT0-47;0;39;10;1;108;13;12;1;0;0;1;29;16
A10-2016;WIRT0-48;0;32;6;1;74;10;9;0;0;0;1;11;7
A10-2016;WIRT0-49;1;10;1;0;9;3;3;0;0;0;0;6;4
A10-2016;WIRT0-50;0;130;5;1;61;26;25;1;0;1;1;20;13
A10-2016;WIRT0-51;0;36;4;1;44;11;11;1;0;0;1;18;11
A10-2016;WIRT0-52;0;368;11;1;127;72;68;4;0;3;1;24;18
A10-2016;WIRT0-53;1;87;6;1;69;21;20;2;0;1;1;22;14
A10-2016;WIRT0-54;1;13;1;0;9;6;5;0;0;0;0;4;3
A10-2016;WIRT0-55;0;34;2;0;28;8;8;0;0;0;0;9;6
A10-2016;WIRT0-56;1;318;8;1;91;62;57;4;0;3;1;31;21
A10-2016;WIRT0-57;1;669;16;2;175;128;120;7;0;6;1;22;19
A10-2016;WIRT0-58;0;35;1;0;15;7;7;0;0;0;0;24;14
A10-2016;WIRT0-59;0;115;3;0;31;22;21;1;0;1;0;9;6
A10-2016;WIRT0-60;2;569;51;4;228;121;111;10;0;5;2;46;32
A10-2016;WIRT0-61;17;1169;62;36;858;581;535;45;1;12;13;61;51
A10-2016;WIRT0-62;0;173;35;3;401;54;52;2;0;2;5;7;7
A10-2016;WIRT0-63;19;255;22;14;231;157;126;30;0;54;4;18;17
A10-2016;WIRT0-64;0;42;5;0;54;10;10;1;0;0;1;2;2
A10-2016;WIRT0-65;0;15;2;0;18;4;3;0;0;0;0;1;1
A10-2016;WIRT0-66;0;39;5;0;55;10;9;0;0;0;1;1;1
A10-2016;WIRT0-67;1;168;11;1;124;38;35;3;0;2;1;4;4
A10-2016;WIRT0-68;2;93;9;1;108;22;21;1;0;1;1;42;35
A10-2016;WIRT0-69;6;15;3;2;26;18;14;4;0;0;0;3;2
A10-2016;WIRT0-70;0;17;1;0;8;4;3;0;0;0;0;1;1
A10-2016;WIRT0-71;19;74;25;9;144;76;58;18;0;1;2;11;11
A10-2016;WIRT0-72;1386;43152;47479;9418;280341;23720;14886;8754;80;637;1950;9927;8821
A10-2016;WIRT0-73;669;27279;1672;107;18175;5571;5409;161;0;222;113;1202;1202
A10-2016;WIRT0-74;18;14373;899;88;10198;3074;2913;161;0;136;108;335;335
A10-2016;WIRT0-75;2;816;316;2;1313;64;64;0;0;19;0;34;34
A10-2016;WIRT0-76;649;12090;456;18;6664;2433;2433;0;0;67;5;833;833
A10-2016;WIRT0-77;83;64545;4622;401;48911;13752;13027;725;0;631;500;1531;1531
A10-2016;WIRT0-78;80;63258;4124;399;46841;13652;12927;725;0;601;500;1477;1477
A10-2016;WIRT0-79;3;1287;498;3;2070;100;100;0;0;30;0;54;54
A10-2016;WIRT0-80;0;0;0;0;0;0;0;0;0;0;0;0;0
A10-2016;WIRT0-81;85;1417;234;-2;5026;-413;-30;-383;0;77;-701;108;108
A10-2016;WIRT0-82;13255;176539;119200;269247;535710;91762;52897;24543;14322;12850;80454;29791;15990
A10-2017;WIRT100;13466;137479;115532;267565;496264;87477;47708;24727;15041;12118;80809;29925;15770
A10-2017;WIRT101;12029;97188;68168;258103;216567;63564;32639;15967;14958;11476;78859;20056;7030
A10-2017;WIRT0-1;96;14866;40744;186144;10301;1545;653;735;158;9384;76526;4515;779
A10-2017;WIRT0-2;15;550;219;306;1606;222;105;116;0;9;7;90;76
A10-2017;WIRT0-3;0;9;4;5;28;4;2;2;0;0;0;2;1
A10-2017;WIRT0-4;37;848;428;5540;213;670;178;9;483;9;2;4977;593
A10-2017;WIRT0-5;149;1124;3498;100;289;936;891;44;1;9;19;60;45
A10-2017;WIRT0-6;9;51;116;1;10;56;55;0;0;0;1;4;3
A10-2017;WIRT0-7;1;9;54;0;3;5;5;0;0;0;0;2;2
A10-2017;WIRT0-8;1;15;38;0;10;16;15;0;0;0;0;1;1
A10-2017;WIRT0-9;1199;3292;1275;230;1587;2440;262;2174;3;85;101;640;331
A10-2017;WIRT0-10;940;4280;394;241;1933;5344;1786;3556;1;95;58;211;173
A10-2017;WIRT0-11;0;15;1063;0;8;6;3;0;2;0;0;4;3
A10-2017;WIRT0-12;355;994;720;337;330;2739;2739;0;0;15;84;105;54
A10-2017;WIRT0-13;705;1933;2166;2034;11730;2741;1641;433;667;156;143;497;335
A10-2017;WIRT0-14;0;10;755;0;5;4;2;0;2;0;0;3;2
A10-2017;WIRT0-15;11;101;423;2;24;81;80;1;1;1;2;9;6
A10-2017;WIRT0-16;1074;7488;560;204;8646;5643;2694;523;2426;70;121;318;257
A10-2017;WIRT0-17;5176;4353;3823;183;147145;13191;2015;7;11169;7;27;612;303
A10-2017;WIRT0-18;43;365;19;6;125;253;230;22;0;3;6;27;19
A10-2017;WIRT0-19;1;57;418;1;41;28;26;1;1;1;1;7;4
A10-2017;WIRT0-20;13;117;435;2;51;91;86;4;1;1;2;13;8
A10-2017;WIRT0-21;24;251;751;3;67;130;118;10;2;2;3;23;15
A10-2017;WIRT0-22;12;164;832;3;60;111;101;8;2;1;2;11;7
A10-2017;WIRT0-23;0;14;75;0;9;8;8;0;0;0;0;2;1
A10-2017;WIRT0-24;31;183;248;6;69;89;35;54;1;3;3;15;11
A10-2017;WIRT0-25;4;37;169;0;19;16;15;1;0;0;0;6;4
A10-2017;WIRT0-26;0;139;5;1;55;31;29;2;0;1;1;8;6
A10-2017;WIRT0-27;1006;10703;996;12269;4357;15574;8019;7550;6;334;377;1189;993
A10-2017;WIRT0-28;0;26;1;1;18;19;18;1;0;0;0;3;2
A10-2017;WIRT0-29;6;956;83;50016;3423;236;222;12;2;825;1204;264;100
A10-2017;WIRT0-30;38;1382;43;9;733;346;306;38;1;15;6;674;104
A10-2017;WIRT0-31;30;998;135;5;274;239;227;12;1;10;4;613;72
A10-2017;WIRT0-32;38;2408;3434;13;749;564;517;37;9;26;9;1970;269
A10-2017;WIRT0-33;4;290;607;6;201;115;106;7;2;3;3;48;31
A10-2017;WIRT0-34;10;2009;282;23;789;582;531;49;2;22;11;166;115
A10-2017;WIRT0-35;6;817;471;10;385;233;215;18;1;9;6;189;116
A10-2017;WIRT0-36;64;10957;891;148;3761;3191;3076;108;8;124;47;917;511
A10-2017;WIRT0-37;3;1217;457;18;1984;106;101;5;0;28;2;51;51
A10-2017;WIRT0-38;832;17859;574;30;7817;3572;3546;24;2;109;12;1110;1110
A10-2017;WIRT0-39;13;769;29;7;330;189;172;17;1;8;3;42;31
A10-2017;WIRT0-40;1;405;10;2;123;90;86;5;0;4;1;30;20
A10-2017;WIRT0-41;17;355;478;61;3033;260;218;42;0;4;21;85;64
A10-2017;WIRT0-42;0;20;2;0;23;6;6;0;0;0;0;4;2
A10-2017;WIRT0-43;0;5;0;0;5;2;2;0;0;0;0;12;7
A10-2017;WIRT0-44;0;3;0;0;2;1;1;0;0;0;0;10;6
A10-2017;WIRT0-45;0;16;1;0;7;4;3;0;0;0;0;14;8
A10-2017;WIRT0-46;0;149;5;1;58;34;32;2;0;2;1;21;14
A10-2017;WIRT0-47;0;47;9;2;114;27;26;1;0;0;1;29;17
A10-2017;WIRT0-48;0;29;6;1;71;10;9;0;0;0;1;11;7
A10-2017;WIRT0-49;0;16;1;0;12;4;4;0;0;0;0;7;4
A10-2017;WIRT0-50;0;252;10;2;114;58;55;3;0;3;1;23;16
A10-2017;WIRT0-51;0;26;2;1;31;10;10;0;0;0;0;18;11
A10-2017;WIRT0-52;0;209;8;1;95;48;45;2;0;2;1;21;15
A10-2017;WIRT0-53;0;97;6;1;69;26;24;2;0;1;1;23;14
A10-2017;WIRT0-54;1;18;5;2;45;18;9;9;0;0;0;7;5
A10-2017;WIRT0-55;0;29;3;0;30;10;9;1;0;0;0;10;6
A10-2017;WIRT0-56;0;293;7;2;80;64;60;4;0;3;1;31;20
A10-2017;WIRT0-57;1;621;14;3;160;141;134;7;0;7;2;20;17
A10-2017;WIRT0-58;0;56;2;0;26;13;12;1;0;1;0;25;14
A10-2017;WIRT0-59;0;136;3;1;37;29;28;1;0;1;0;9;6
A10-2017;WIRT0-60;1;488;49;4;234;128;120;8;0;5;3;45;30
A10-2017;WIRT0-61;32;1228;150;68;1459;762;583;178;1;19;16;105;90
A10-2017;WIRT0-62;0;162;33;3;384;58;55;2;0;2;5;7;7
A10-2017;WIRT0-63;8;225;36;15;343;134;84;50;0;49;3;22;20
A10-2017;WIRT0-64;0;43;4;1;56;16;15;1;0;0;1;5;5
A10-2017;WIRT0-65;0;15;1;0;18;5;4;0;0;0;0;1;1
A10-2017;WIRT0-66;0;39;5;1;55;13;13;1;0;0;1;1;1
A10-2017;WIRT0-67;1;154;10;1;112;38;36;2;0;2;1;4;3
A10-2017;WIRT0-68;4;94;16;4;164;35;29;5;0;1;1;36;30
A10-2017;WIRT0-69;2;86;18;7;160;51;30;21;0;1;1;8;8
A10-2017;WIRT0-70;0;16;0;0;6;4;3;0;0;0;0;1;1
A10-2017;WIRT0-71;12;203;37;11;255;101;63;37;0;3;2;18;17
A10-2017;WIRT0-72;1437;40291;47364;9462;279696;23913;15069;8760;83;642;1951;9869;8740
A10-2017;WIRT0-73;842;29544;1703;118;18337;6285;6134;150;0;247;115;1380;1380
A10-2017;WIRT0-74;19;13113;834;95;9670;3135;2985;150;0;139;108;287;287
A10-2017;WIRT0-75;2;922;347;2;1452;73;73;0;0;23;0;39;39
A10-2017;WIRT0-76;821;15509;522;21;7216;3076;3076;0;0;85;7;1054;1054
A10-2017;WIRT0-77;83;57994;4121;416;44152;13682;13022;660;0;635;472;1297;1297
A10-2017;WIRT0-78;80;56677;3625;413;42077;13577;12917;660;0;602;472;1242;1242
A10-2017;WIRT0-79;3;1317;496;3;2075;104;104;0;0;33;0;55;55
A10-2017;WIRT0-80;0;0;0;0;0;0;0;0;0;0;0;0;0
A10-2017;WIRT0-81;81;1390;205;-4;3937;-394;-35;-359;0;76;-708;104;104
A10-2017;WIRT0-82;12789;167319;118154;267859;526015;94479;54560;24878;15041;12583;80458;29946;15791
A10-2018;WIRT100;12174;129517;111250;260131;455900;83326;46358;23616;13352;11960;79209;28740;14777
A10-2018;WIRT101;10881;92991;66414;251531;200235;60666;31892;15507;13267;11339;77278;19595;6736
A10-2018;WIRT0-1;80;14240;39782;184328;9517;1471;641;668;162;9171;74978;4466;741
A10-2018;WIRT0-2;13;491;207;284;1519;211;102;108;0;9;6;85;72
A10-2018;WIRT0-3;0;9;4;5;28;4;2;2;0;0;0;2;1
A10-2018;WIRT0-4;24;771;383;3820;186;678;177;9;492;9;3;4801;568
A10-2018;WIRT0-5;110;1059;3361;106;240;911;856;54;1;10;18;60;45
A10-2018;WIRT0-6;1;47;109;1;12;56;56;0;0;0;1;3;2
A10-2018;WIRT0-7;1;9;51;0;3;6;5;0;0;0;0;2;1
A10-2018;WIRT0-8;0;13;36;0;9;14;14;0;0;0;0;1;1
A10-2018;WIRT0-9;1014;2888;1181;207;1411;2147;261;1883;3;75;88;620;316
A10-2018;WIRT0-10;805;4389;403;245;2003;5519;1894;3624;1;96;57;215;176
A10-2018;WIRT0-11;0;11;914;0;11;5;3;0;2;0;0;4;2
A10-2018;WIRT0-12;661;1083;584;368;261;2825;2825;0;0;15;86;108;59
A10-2018;WIRT0-13;587;1727;2059;1971;11673;2520;1486;483;551;217;116;485;325
A10-2018;WIRT0-14;0;9;692;0;4;4;2;0;2;0;0;3;2
A10-2018;WIRT0-15;1;92;402;2;29;77;75;1;1;1;2;8;5
A10-2018;WIRT0-16;996;7620;550;214;6279;5794;2712;568;2514;74;156;304;246
A10-2018;WIRT0-17;4508;4063;3803;178;135498;11631;2131;8;9493;6;28;541;283
A10-2018;WIRT0-18;15;337;16;7;115;252;227;25;0;3;6;24;16
A10-2018;WIRT0-19;1;59;408;1;40;31;28;2;1;1;1;7;4
A10-2018;WIRT0-20;10;136;424;2;58;96;88;7;1;1;2;12;8
A10-2018;WIRT0-21;14;237;751;3;60;130;116;12;2;2;3;21;14
A10-2018;WIRT0-22;6;155;849;3;40;108;97;9;2;2;2;10;7
A10-2018;WIRT0-23;0;23;85;0;19;17;16;0;0;0;0;2;1
A10-2018;WIRT0-24;31;166;238;6;68;87;30;56;1;3;3;15;11
A10-2018;WIRT0-25;3;42;164;1;23;19;18;1;0;0;0;6;4
A10-2018;WIRT0-26;0;128;5;1;64;32;30;2;0;2;1;7;5
A10-2018;WIRT0-27;1038;9761;959;11939;4223;14339;7092;7240;6;325;352;1153;963
A10-2018;WIRT0-28;0;20;0;2;17;19;18;1;0;0;0;2;1
A10-2018;WIRT0-29;6;1048;80;47341;3262;279;263;14;2;828;1191;273;103
A10-2018;WIRT0-30;18;1309;40;10;715;362;324;37;1;16;7;680;100
A10-2018;WIRT0-31;9;878;133;5;243;229;218;11;1;10;4;614;67
A10-2018;WIRT0-32;17;2253;3427;14;687;573;527;37;9;27;9;1985;263
A10-2018;WIRT0-33;3;341;619;8;313;148;135;11;2;4;5;51;32
A10-2018;WIRT0-34;12;2160;313;31;999;679;601;76;2;27;13;175;122
A10-2018;WIRT0-35;5;730;474;10;318;227;212;15;1;9;6;186;112
A10-2018;WIRT0-36;61;10631;919;160;3525;3296;3173;116;8;134;51;916;496
A10-2018;WIRT0-37;3;1254;490;18;2194;109;104;5;0;28;1;52;52
A10-2018;WIRT0-38;752;16799;517;32;6789;3383;3351;30;2;107;13;1010;1010
A10-2018;WIRT0-39;8;721;23;6;282;188;178;10;1;9;4;38;27
A10-2018;WIRT0-40;1;327;7;2;79;77;73;4;0;4;1;28;18
A10-2018;WIRT0-41;16;320;536;76;3306;290;200;90;0;5;19;100;77
A10-2018;WIRT0-42;0;16;2;0;25;6;6;0;0;0;0;4;2
A10-2018;WIRT0-43;0;3;0;0;4;2;2;0;0;0;0;12;7
A10-2018;WIRT0-44;0;10;0;0;4;2;2;0;0;0;0;11;6
A10-2018;WIRT0-45;0;16;1;0;18;5;5;0;0;0;0;14;8
A10-2018;WIRT0-46;1;146;6;1;72;38;36;2;0;2;1;21;13
A10-2018;WIRT0-47;1;57;8;3;119;38;36;2;0;1;2;30;17
A10-2018;WIRT0-48;0;33;6;1;71;13;12;1;0;0;1;12;7
A10-2018;WIRT0-49;0;17;1;0;11;5;5;0;0;0;0;7;4
A10-2018;WIRT0-50;0;208;9;1;105;53;50;3;0;2;1;22;15
A10-2018;WIRT0-51;0;32;3;1;40;13;13;1;0;0;1;18;11
A10-2018;WIRT0-52;0;196;8;1;101;50;47;2;0;2;1;19;14
A10-2018;WIRT0-53;0;119;7;1;89;36;34;2;0;1;1;23;14
A10-2018;WIRT0-54;0;10;2;1;19;7;5;2;0;0;0;5;3
A10-2018;WIRT0-55;0;45;4;1;52;17;16;1;0;1;1;10;6
A10-2018;WIRT0-56;1;329;7;2;86;78;74;4;0;4;1;31;21
A10-2018;WIRT0-57;1;704;15;5;182;179;170;9;1;8;3;21;18
A10-2018;WIRT0-58;0;45;1;0;11;11;11;1;0;1;0;25;14
A10-2018;WIRT0-59;0;146;3;1;40;36;34;2;0;2;1;9;6
A10-2018;WIRT0-60;1;494;52;5;278;138;128;9;0;6;3;45;30
A10-2018;WIRT0-61;30;1014;154;61;1435;623;446;176;1;18;13;104;89
A10-2018;WIRT0-62;0;176;31;3;377;64;61;3;0;2;5;6;6
A10-2018;WIRT0-63;1;178;18;9;229;112;106;7;0;51;3;9;9
A10-2018;WIRT0-64;1;65;5;2;73;35;33;2;0;1;1;5;5
A10-2018;WIRT0-65;0;7;1;0;16;3;3;0;0;0;0;1;1
A10-2018;WIRT0-66;0;71;6;2;78;27;24;3;0;1;1;2;2
A10-2018;WIRT0-67;0;171;10;1;117;45;42;2;0;2;1;4;4
A10-2018;WIRT0-68;2;101;8;2;111;36;34;2;0;1;1;30;25
A10-2018;WIRT0-69;3;78;22;11;201;77;42;35;0;2;1;12;11
A10-2018;WIRT0-70;0;15;0;0;4;4;3;0;0;0;0;1;1
A10-2018;WIRT0-71;6;133;24;7;148;71;54;17;0;2;1;10;10
A10-2018;WIRT0-72;1293;36526;44836;8600;255666;22661;14466;8109;85;621;1932;9145;8041
A10-2018;WIRT0-73;761;27251;1597;122;16933;6050;5895;154;0;245;116;1241;1241
A10-2018;WIRT0-74;19;12123;764;100;9185;3198;3043;154;0;145;110;249;249
A10-2018;WIRT0-75;2;952;371;2;1611;76;76;0;0;24;0;40;40
A10-2018;WIRT0-76;741;14176;462;20;6137;2776;2776;0;0;76;6;952;952
A10-2018;WIRT0-77;81;51354;3738;427;41438;13416;12771;645;0;630;473;1084;1084
A10-2018;WIRT0-78;79;50168;3276;424;39431;13321;12676;645;0;601;473;1034;1034
A10-2018;WIRT0-79;2;1186;462;3;2007;95;95;0;0;29;0;50;50
A10-2018;WIRT0-80;0;0;0;0;0;0;0;0;0;0;0;0;0
A10-2018;WIRT0-81;89;1480;204;-3;3910;-349;-20;-329;0;80;-764;112;112
A10-2018;WIRT0-82;11583;155100;113596;260433;484316;90344;53214;23777;13352;12425;78802;28696;14732
A10-2019;WIRT100;12317;135235;110234;255697;473957;86757;48955;23474;14328;11949;77558;29535;15384
A10-2019;WIRT101;10997;101029;65258;247005;219737;63732;34276;15211;14245;11318;75593;20397;7358
A10-2019;WIRT0-1;72;13452;38951;182435;9240;1418;639;621;158;8980;73203;4439;723
A10-2019;WIRT0-2;12;458;202;263;1478;207;106;101;0;9;6;82;69
A10-2019;WIRT0-3;0;8;4;5;28;4;2;2;0;0;0;2;1
A10-2019;WIRT0-4;24;611;419;3562;151;570;151;8;411;8;2;4794;573
A10-2019;WIRT0-5;105;1008;3350;106;218;896;848;48;1;10;18;58;43
A10-2019;WIRT0-6;1;47;99;1;11;57;57;0;0;0;1;3;2
A10-2019;WIRT0-7;0;8;47;0;2;5;5;0;0;0;0;2;1
A10-2019;WIRT0-8;0;13;33;0;9;13;13;0;0;0;0;1;1
A10-2019;WIRT0-9;939;2628;1089;194;1292;1982;234;1745;3;70;82;599;298
A10-2019;WIRT0-10;524;4614;408;260;2074;5797;1982;3814;1;102;66;218;179
A10-2019;WIRT0-11;0;9;770;0;9;4;3;0;2;0;0;4;2
A10-2019;WIRT0-12;486;1049;559;369;260;2792;2792;0;0;14;84;110;60
A10-2019;WIRT0-13;554;1851;1992;2030;11571;2704;1479;501;723;299;149;448;294
A10-2019;WIRT0-14;0;8;630;0;4;4;2;0;1;0;0;3;2
A10-2019;WIRT0-15;4;94;379;2;30;80;78;1;1;1;2;8;5
A10-2019;WIRT0-16;903;7230;477;206;4294;5700;2684;519;2498;71;188;286;229
A10-2019;WIRT0-17;4941;4326;3681;175;154713;12544;2140;4;10400;5;27;482;273
A10-2019;WIRT0-18;20;301;12;6;88;233;215;17;0;3;5;24;15
A10-2019;WIRT0-19;1;49;395;1;34;28;25;1;1;1;1;7;4
A10-2019;WIRT0-20;8;119;399;2;47;90;84;5;1;1;2;12;8
A10-2019;WIRT0-21;13;221;753;3;55;128;114;12;2;3;3;21;13
A10-2019;WIRT0-22;6;141;866;3;37;102;91;10;2;2;2;10;7
A10-2019;WIRT0-23;0;10;106;0;8;8;7;0;0;0;0;2;1
A10-2019;WIRT0-24;26;149;226;5;61;80;31;48;1;3;3;14;10
A10-2019;WIRT0-25;1;30;160;0;16;14;13;1;0;0;0;6;4
A10-2019;WIRT0-26;0;123;5;1;62;34;32;2;0;2;1;7;5
A10-2019;WIRT0-27;843;9107;919;11526;4091;14149;7175;6970;4;313;345;1091;913
A10-2019;WIRT0-28;0;17;0;2;16;18;17;1;0;0;0;2;1
A10-2019;WIRT0-29;6;922;75;45319;3065;271;256;13;2;841;1213;310;112
A10-2019;WIRT0-30;17;1196;36;10;686;360;326;33;1;16;7;736;103
A10-2019;WIRT0-31;12;793;131;5;216;230;219;10;1;10;4;650;68
A10-2019;WIRT0-32;20;1976;3419;14;602;557;513;35;9;27;10;2136;272
A10-2019;WIRT0-33;1;276;620;8;289;139;127;10;2;4;5;50;31
A10-2019;WIRT0-34;11;1949;356;36;1032;680;579;100;2;28;13;178;124
A10-2019;WIRT0-35;3;775;477;12;350;263;238;24;1;11;6;191;116
A10-2019;WIRT0-36;59;9998;904;162;3221;3298;3173;116;9;139;52;905;479
A10-2019;WIRT0-37;3;1397;513;18;2232;133;127;6;0;31;2;58;58
A10-2019;WIRT0-38;1321;28203;810;47;10338;5606;5570;33;3;171;20;1744;1743
A10-2019;WIRT0-39;6;685;45;14;433;224;174;49;1;10;4;48;36
A10-2019;WIRT0-40;1;342;10;3;121;96;91;5;0;5;2;29;19
A10-2019;WIRT0-41;10;285;518;71;3150;284;195;89;0;5;18;97;74
A10-2019;WIRT0-42;0;14;1;0;16;5;5;0;0;0;0;4;2
A10-2019;WIRT0-43;0;3;1;0;7;2;2;0;0;0;0;12;7
A10-2019;WIRT0-44;0;7;0;0;3;2;2;0;0;0;0;11;6
A10-2019;WIRT0-45;0;13;1;0;11;4;4;0;0;0;0;14;8
A10-2019;WIRT0-46;0;129;6;1;76;38;36;2;0;2;1;20;13
A10-2019;WIRT0-47;0;66;8;4;124;49;47;2;0;1;2;30;17
A10-2019;WIRT0-48;0;34;6;1;69;14;14;1;0;0;1;12;7
A10-2019;WIRT0-49;0;24;1;0;11;7;6;0;0;0;0;7;4
A10-2019;WIRT0-50;0;172;9;2;109;50;47;2;0;2;1;21;14
A10-2019;WIRT0-51;0;32;3;1;40;14;13;1;0;0;1;19;11
A10-2019;WIRT0-52;0;158;8;1;95;45;43;2;0;2;1;19;13
A10-2019;WIRT0-53;0;99;5;1;59;31;29;2;0;1;1;22;14
A10-2019;WIRT0-54;0;7;2;1;14;5;3;2;0;0;0;5;3
A10-2019;WIRT0-55;0;23;2;0;21;9;8;1;0;0;0;9;6
A10-2019;WIRT0-56;1;345;8;2;97;91;86;4;0;5;1;32;21
A10-2019;WIRT0-57;1;734;15;5;187;202;192;9;1;10;3;21;18
A10-2019;WIRT0-58;0;37;1;0;9;10;9;0;0;0;0;25;14
A10-2019;WIRT0-59;0;142;3;1;38;39;37;2;0;2;1;9;6
A10-2019;WIRT0-60;1;457;47;5;248;139;131;8;1;6;3;43;29
A10-2019;WIRT0-61;15;858;62;25;723;447;392;53;1;14;11;61;50
A10-2019;WIRT0-62;1;184;32;4;385;73;68;5;0;2;5;7;7
A10-2019;WIRT0-63;2;238;49;22;521;181;165;16;0;61;6;16;15
A10-2019;WIRT0-64;2;99;21;7;199;65;41;23;0;2;2;13;12
A10-2019;WIRT0-65;0;8;0;0;3;3;3;0;0;0;0;1;1
A10-2019;WIRT0-66;4;62;27;9;230;55;17;37;0;2;1;12;11
A10-2019;WIRT0-67;0;179;9;1;107;50;48;2;0;2;1;4;4
A10-2019;WIRT0-68;7;96;32;11;296;78;37;41;0;2;2;57;48
A10-2019;WIRT0-69;3;122;16;12;173;126;101;25;0;2;3;10;9
A10-2019;WIRT0-70;0;12;0;0;3;3;3;0;0;0;0;1;1
A10-2019;WIRT0-71;6;200;35;11;230;94;80;14;0;2;2;13;13
A10-2019;WIRT0-72;1320;34206;44975;8693;254220;23025;14678;8263;83;631;1965;9139;8026
A10-2019;WIRT0-73;1327;37109;1739;126;18386;8004;7861;143;0;304;102;1935;1935
A10-2019;WIRT0-74;18;10627;590;92;7059;3019;2876;143;0;143;91;207;207
A10-2019;WIRT0-75;2;1065;395;2;1668;86;86;0;0;26;0;45;45
A10-2019;WIRT0-76;1307;25418;754;32;9658;4899;4899;0;0;135;11;1683;1683
A10-2019;WIRT0-77;80;46054;3468;425;37616;13177;12563;614;0;635;452;942;942
A10-2019;WIRT0-78;77;44703;2967;422;35502;13068;12453;614;0;601;451;885;885
A10-2019;WIRT0-79;3;1349;501;3;2114;109;109;0;0;33;0;56;56
A10-2019;WIRT0-80;0;2;0;0;1;0;0;0;0;0;0;0;0
A10-2019;WIRT0-81;99;1674;211;-3;3875;-309;-33;-276;0;78;-820;125;125
A10-2019;WIRT0-82;11168;145854;112174;255994;497063;91622;53623;23670;14328;12358;77088;28667;14516
A10-2020;WIRT100;10740;109727;110957;252710;452951;80644;43448;23753;13443;11791;77007;27304;13647
A10-2020;WIRT101;9559;78548;63023;244167;206204;58085;29269;15463;13353;11156;75086;18574;5898
A10-2020;WIRT0-1;72;13200;37946;181995;9149;1412;629;628;155;8995;72720;4396;700
A10-2020;WIRT0-2;11;401;197;261;1442;201;101;100;0;9;6;78;66
A10-2020;WIRT0-3;0;7;4;5;28;4;2;2;0;0;0;1;1
A10-2020;WIRT0-4;25;528;344;3166;134;546;146;7;392;8;2;4556;543
A10-2020;WIRT0-5;91;965;3386;104;208;920;872;47;1;11;19;54;40
A10-2020;WIRT0-6;1;41;95;1;11;51;50;1;0;0;1;3;2
A10-2020;WIRT0-7;0;5;44;0;2;4;4;0;0;0;0;2;1
A10-2020;WIRT0-8;0;11;32;0;5;12;12;0;0;0;0;1;1
A10-2020;WIRT0-9;995;2695;1092;202;1346;2076;218;1856;3;74;87;609;308
A10-2020;WIRT0-10;634;4303;387;239;1870;5445;1812;3633;1;96;60;206;168
A10-2020;WIRT0-11;0;8;762;0;8;4;2;0;2;0;0;4;2
A10-2020;WIRT0-12;348;1012;496;339;247;2733;2733;0;0;14;82;106;59
A10-2020;WIRT0-13;553;1771;1991;2065;11519;2694;1506;498;690;204;142;421;272
A10-2020;WIRT0-14;0;10;635;0;4;5;3;0;1;0;0;2;1
A10-2020;WIRT0-15;2;82;380;2;25;73;71;1;1;1;1;7;4
A10-2020;WIRT0-16;803;7341;475;208;4605;5748;2709;517;2522;70;154;288;231
A10-2020;WIRT0-17;4694;4055;3592;186;147457;11652;2103;8;9540;5;25;479;243
A10-2020;WIRT0-18;15;264;11;6;76;220;201;18;0;3;5;22;14
A10-2020;WIRT0-19;1;38;394;1;36;27;25;2;1;0;1;6;4
A10-2020;WIRT0-20;5;71;399;2;34;68;62;5;1;1;2;11;6
A10-2020;WIRT0-21;8;199;764;3;45;128;116;11;2;2;2;19;12
A10-2020;WIRT0-22;7;141;867;3;43;108;92;14;2;2;2;10;6
A10-2020;WIRT0-23;0;14;115;0;12;12;12;0;0;0;0;2;1
A10-2020;WIRT0-24;26;134;218;5;58;77;27;49;1;3;3;14;10
A10-2020;WIRT0-25;1;27;162;0;13;14;13;1;0;0;0;5;3
A10-2020;WIRT0-26;0;79;4;1;45;25;23;1;0;1;1;6;4
A10-2020;WIRT0-27;697;8668;920;11417;4099;13134;5859;7272;3;311;348;1118;942
A10-2020;WIRT0-28;0;18;0;2;17;19;18;1;0;0;0;2;1
A10-2020;WIRT0-29;5;516;64;43452;2807;182;172;9;2;841;1239;267;94
A10-2020;WIRT0-30;22;1089;36;11;600;368;320;46;1;17;8;730;100
A10-2020;WIRT0-31;7;752;130;6;223;241;229;11;1;11;4;641;66
A10-2020;WIRT0-32;12;1688;3415;13;542;530;488;33;9;26;9;2078;260
A10-2020;WIRT0-33;1;268;619;8;275;142;130;11;2;4;4;45;29
A10-2020;WIRT0-34;10;1889;259;33;938;705;617;85;2;30;13;160;112
A10-2020;WIRT0-35;3;755;403;13;345;280;254;25;1;12;6;173;106
A10-2020;WIRT0-36;55;9594;812;153;3050;3378;3244;124;10;151;54;854;452
A10-2020;WIRT0-37;2;604;262;23;1736;71;68;3;0;12;2;25;25
A10-2020;WIRT0-38;389;9614;343;29;5672;2176;2137;36;3;79;14;541;541
A10-2020;WIRT0-39;5;667;44;14;427;239;188;50;1;11;4;46;35
A10-2020;WIRT0-40;1;333;10;3;118;104;98;5;0;5;2;27;18
A10-2020;WIRT0-41;9;267;510;70;2988;272;182;90;0;5;15;92;71
A10-2020;WIRT0-42;0;14;1;0;15;6;5;0;0;0;0;3;2
A10-2020;WIRT0-43;0;3;1;0;6;2;2;0;0;0;0;11;6
A10-2020;WIRT0-44;0;7;0;0;3;2;2;0;0;0;0;10;5
A10-2020;WIRT0-45;0;13;1;0;10;4;4;0;0;0;0;13;8
A10-2020;WIRT0-46;0;126;6;1;73;41;39;2;0;2;1;19;12
A10-2020;WIRT0-47;0;64;7;4;111;49;47;2;0;1;2;27;16
A10-2020;WIRT0-48;0;33;5;1;60;14;14;1;0;0;1;10;6
A10-2020;WIRT0-49;0;23;1;0;11;7;7;0;0;0;0;6;4
A10-2020;WIRT0-50;0;167;9;2;103;53;50;3;0;3;1;19;13
A10-2020;WIRT0-51;0;31;3;1;37;14;14;1;0;0;1;17;10
A10-2020;WIRT0-52;0;154;8;1;91;48;46;2;0;2;1;18;12
A10-2020;WIRT0-53;0;96;5;1;57;33;31;2;0;1;1;20;13
A10-2020;WIRT0-54;0;7;2;1;14;5;3;2;0;0;0;5;3
A10-2020;WIRT0-55;0;22;2;0;20;9;8;1;0;0;0;9;5
A10-2020;WIRT0-56;1;336;8;2;97;99;94;5;0;5;2;29;19
A10-2020;WIRT0-57;1;715;16;5;186;219;208;10;1;11;4;20;17
A10-2020;WIRT0-58;0;36;1;0;10;11;10;1;0;1;0;22;13
A10-2020;WIRT0-59;0;138;3;1;38;42;40;2;0;2;1;8;6
A10-2020;WIRT0-60;1;444;47;5;237;149;140;8;1;7;3;40;27
A10-2020;WIRT0-61;15;818;61;23;689;434;379;54;1;15;10;58;48
A10-2020;WIRT0-62;1;177;31;4;358;75;69;5;0;3;4;7;7
A10-2020;WIRT0-63;2;233;47;22;500;184;167;16;0;68;5;16;15
A10-2020;WIRT0-64;2;96;21;7;194;66;42;23;0;2;2;13;12
A10-2020;WIRT0-65;0;8;0;0;3;4;3;0;0;0;0;1;1
A10-2020;WIRT0-66;4;61;27;9;228;56;18;38;0;2;1;12;11
A10-2020;WIRT0-67;0;174;9;2;102;54;51;3;0;3;1;3;3
A10-2020;WIRT0-68;5;95;32;11;288;79;38;42;0;2;2;27;23
A10-2020;WIRT0-69;3;121;16;12;173;127;102;26;0;2;3;10;9
A10-2020;WIRT0-70;0;11;0;0;3;3;3;0;0;0;0;1;1
A10-2020;WIRT0-71;7;199;35;11;229;99;85;14;0;3;2;13;12
A10-2020;WIRT0-72;1181;31180;47933;8543;246747;22558;14179;8290;89;635;1921;8730;7749
A10-2020;WIRT0-73;398;15690;797;78;9974;3951;3831;119;0;179;57;664;664
A10-2020;WIRT0-74;15;8239;321;66;3745;2483;2364;119;0;128;54;157;157
A10-2020;WIRT0-75;2;433;188;1;1215;38;38;0;0;12;0;18;18
A10-2020;WIRT0-76;381;7018;288;12;5015;1429;1429;0;0;39;3;490;490
A10-2020;WIRT0-77;59;29726;2475;314;27480;9604;9150;455;0;468;324;612;612
A10-2020;WIRT0-78;56;29135;2219;313;25830;9551;9097;455;0;452;323;587;587
A10-2020;WIRT0-79;2;588;255;1;1648;52;52;0;0;16;0;24;24
A10-2020;WIRT0-80;0;3;0;0;2;1;1;0;0;0;0;0;0
A10-2020;WIRT0-81;40;658;120;-11;2839;-306;-29;-277;0;81;-876;50;50
A10-2020;WIRT0-82;10440;124421;112755;252934;473296;85991;48737;23811;13443;12161;76397;27301;13645
A10-2021;WIRT100;11341;111118;113734;253699;527634;86491;45492;25834;15165;11857;77165;29435;15057
A10-2021;WIRT101;10079;79700;63203;243733;235827;60985;30084;15831;15070;11151;75055;19702;6398
A10-2021;WIRT0-1;82;13291;37928;183702;10647;1547;646;745;156;8997;72633;4459;761
A10-2021;WIRT0-2;12;383;219;293;1591;214;102;112;0;9;7;85;72
A10-2021;WIRT0-3;0;8;5;7;39;5;2;3;0;0;0;2;2
A10-2021;WIRT0-4;31;579;336;2907;131;629;179;9;442;9;3;4929;587
A10-2021;WIRT0-5;100;927;3330;103;187;917;884;33;1;11;18;49;35
A10-2021;WIRT0-6;1;45;97;1;8;55;55;0;0;0;1;3;2
A10-2021;WIRT0-7;0;6;42;0;2;6;6;0;0;0;0;2;1
A10-2021;WIRT0-8;0;12;31;0;4;13;13;0;0;0;0;1;1
A10-2021;WIRT0-9;1091;2881;1011;219;1434;2274;235;2037;3;81;95;635;324
A10-2021;WIRT0-10;502;4241;365;229;1702;5341;1843;3497;1;93;66;190;156
A10-2021;WIRT0-11;0;5;669;0;6;3;2;0;1;0;0;4;2
A10-2021;WIRT0-12;452;1091;485;340;356;2750;2750;0;0;14;81;111;62
A10-2021;WIRT0-13;540;1802;2133;2036;11493;2760;1553;504;702;183;126;466;315
A10-2021;WIRT0-14;0;8;691;0;5;5;3;0;2;0;0;3;1
A10-2021;WIRT0-15;10;102;398;2;23;94;92;1;1;1;2;8;5
A10-2021;WIRT0-16;746;7366;491;212;4902;6020;2821;550;2649;72;159;273;217
A10-2021;WIRT0-17;4973;4327;3486;181;172472;13204;2134;8;11062;6;25;509;247
A10-2021;WIRT0-18;22;268;11;6;72;234;213;21;0;3;5;23;15
A10-2021;WIRT0-19;1;36;448;1;23;27;24;2;1;0;1;6;4
A10-2021;WIRT0-20;8;101;404;2;47;92;85;6;1;1;2;12;7
A10-2021;WIRT0-21;11;188;773;3;42;130;114;14;2;3;3;20;12
A10-2021;WIRT0-22;10;133;880;3;58;115;96;18;2;2;3;10;7
A10-2021;WIRT0-23;0;15;118;0;19;13;13;0;0;0;0;2;1
A10-2021;WIRT0-24;16;98;219;3;36;54;23;30;1;2;2;12;8
A10-2021;WIRT0-25;1;21;159;0;9;14;13;1;0;0;0;5;3
A10-2021;WIRT0-26;0;64;2;1;27;21;20;1;0;1;0;6;4
A10-2021;WIRT0-27;685;8494;922;11410;4415;13276;5845;7427;4;317;365;1154;975
A10-2021;WIRT0-28;0;17;0;2;17;20;19;1;0;0;0;2;1
A10-2021;WIRT0-29;5;258;56;41537;2598;122;115;5;1;849;1273;259;88
A10-2021;WIRT0-30;19;880;31;10;535;323;285;37;1;15;7;786;102
A10-2021;WIRT0-31;12;705;126;6;194;249;237;11;1;12;4;659;67
A10-2021;WIRT0-32;15;1398;3407;13;445;492;446;36;10;24;9;2232;271
A10-2021;WIRT0-33;1;220;614;8;239;151;140;9;2;4;5;46;29
A10-2021;WIRT0-34;10;1571;257;34;845;709;626;80;2;28;15;159;109
A10-2021;WIRT0-35;2;540;412;11;276;243;226;16;1;9;6;175;105
A10-2021;WIRT0-36;52;7604;752;143;2538;2955;2835;109;10;133;51;851;425
A10-2021;WIRT0-37;3;929;384;23;2348;100;95;4;0;20;2;38;38
A10-2021;WIRT0-38;599;14414;544;41;8647;3241;3194;43;4;112;19;862;862
A10-2021;WIRT0-39;6;545;45;15;426;225;171;53;1;10;4;45;34
A10-2021;WIRT0-40;0;16;0;0;7;9;9;0;0;0;0;21;12
A10-2021;WIRT0-41;8;211;506;67;2941;233;156;76;0;4;14;90;69
A10-2021;WIRT0-42;0;10;1;0;17;5;5;0;0;0;0;3;2
A10-2021;WIRT0-43;0;3;1;0;8;2;2;0;0;0;0;12;7
A10-2021;WIRT0-44;0;7;0;0;2;2;2;0;0;0;0;10;6
A10-2021;WIRT0-45;0;12;1;0;15;5;5;0;0;0;0;14;8
A10-2021;WIRT0-46;0;99;5;1;59;36;34;2;0;2;1;19;12
A10-2021;WIRT0-47;0;60;7;3;105;45;43;2;0;1;2;28;16
A10-2021;WIRT0-48;0;34;5;1;59;15;14;1;0;1;1;11;6
A10-2021;WIRT0-49;0;11;1;0;6;4;4;0;0;0;0;6;4
A10-2021;WIRT0-50;0;132;7;1;80;46;44;2;0;2;1;19;13
A10-2021;WIRT0-51;0;25;3;1;33;14;13;1;0;0;0;18;11
A10-2021;WIRT0-52;0;109;6;1;68;38;36;2;0;2;1;19;13
A10-2021;WIRT0-53;0;76;4;1;53;29;27;1;0;1;1;21;13
A10-2021;WIRT0-54;0;8;2;1;17;7;4;3;0;0;0;5;4
A10-2021;WIRT0-55;0;18;1;0;18;7;7;0;0;0;0;9;6
A10-2021;WIRT0-56;1;359;8;3;93;116;110;6;1;6;2;30;20
A10-2021;WIRT0-57;2;763;16;7;187;256;243;12;1;13;4;21;18
A10-2021;WIRT0-58;0;34;2;0;24;14;13;1;0;1;0;23;13
A10-2021;WIRT0-59;0;76;2;1;24;26;25;1;0;1;0;7;5
A10-2021;WIRT0-60;1;394;44;5;203;144;136;8;1;7;3;40;26
A10-2021;WIRT0-61;19;693;75;49;927;605;510;94;1;12;13;66;54
A10-2021;WIRT0-62;1;188;29;4;348;86;80;6;0;3;4;8;7
A10-2021;WIRT0-63;2;180;42;21;402;155;140;15;0;59;4;17;16
A10-2021;WIRT0-64;1;39;7;3;71;31;23;8;0;1;1;8;8
A10-2021;WIRT0-65;0;3;0;0;1;2;1;0;0;0;0;1;1
A10-2021;WIRT0-66;8;75;51;18;419;94;16;78;0;3;1;25;22
A10-2021;WIRT0-67;0;185;9;2;100;63;59;3;0;3;2;3;3
A10-2021;WIRT0-68;5;96;34;12;300;81;35;46;0;3;2;28;25
A10-2021;WIRT0-69;3;83;17;10;157;100;73;26;0;2;2;10;9
A10-2021;WIRT0-70;0;6;0;0;1;2;2;0;0;0;0;1;1
A10-2021;WIRT0-71;8;126;34;11;222;74;60;13;0;2;1;13;12
A10-2021;WIRT0-72;1261;31418;50531;9967;291807;25506;15408;10003;95;706;2111;9734;8659
A10-2021;WIRT0-73;609;20092;1251;105;15318;5133;5004;129;0;216;85;985;985
A10-2021;WIRT0-74;16;7756;477;83;5625;2710;2580;129;0;133;80;147;147
A10-2021;WIRT0-75;2;689;287;2;1717;60;60;0;0;18;0;28;28
A10-2021;WIRT0-76;590;11646;487;20;7977;2364;2364;0;0;65;5;810;810
A10-2021;WIRT0-77;67;31586;2070;317;22226;10663;10147;517;0;552;293;611;611
A10-2021;WIRT0-78;64;30682;1696;315;19985;10584;10067;517;0;528;293;573;573
A10-2021;WIRT0-79;3;899;374;2;2239;79;79;0;0;23;0;37;37
A10-2021;WIRT0-80;0;5;0;0;3;1;1;0;0;0;0;0;0
A10-2021;WIRT0-81;43;509;30;-11;2506;-295;-48;-247;0;76;-877;48;48
A10-2021;WIRT0-82;10842;123121;114583;253900;537048;91726;50587;25974;15165;12268;76495;29109;14730
A10-2022;WIRT100;11746;121077;105214;250017;477516;85327;46309;24649;14369;11635;75746;28328;14470
A10-2022;WIRT101;10670;92243;60898;241882;232380;62520;31823;16428;14269;10995;73728;19770;6916
A10-2022;WIRT0-1;76;12718;37491;184792;9026;1492;634;702;156;8743;71314;4382;706
A10-2022;WIRT0-2;12;371;191;285;1394;211;102;109;0;9;7;78;66
A10-2022;WIRT0-3;0;8;5;7;34;5;2;3;0;0;0;2;2
A10-2022;WIRT0-4;33;555;290;2705;112;585;179;8;398;9;3;4649;555
A10-2022;WIRT0-5;124;1033;3309;105;218;1044;990;53;1;11;22;59;44
A10-2022;WIRT0-6;0;43;74;1;9;52;52;1;0;0;1;3;2
A10-2022;WIRT0-7;0;6;25;0;3;5;5;0;0;0;0;2;1
A10-2022;WIRT0-8;0;10;18;0;3;10;10;0;0;0;0;1;1
A10-2022;WIRT0-9;1114;2917;934;222;1467;2313;227;2084;2;82;97;649;335
A10-2022;WIRT0-10;404;4306;306;237;1692;5413;1552;3860;1;101;71;192;157
A10-2022;WIRT0-11;0;5;712;0;6;4;2;0;2;0;0;4;2
A10-2022;WIRT0-12;497;1002;495;236;232;2256;2256;0;0;10;69;89;44
A10-2022;WIRT0-13;567;1642;1843;2075;11560;2666;1442;611;613;120;115;465;310
A10-2022;WIRT0-14;0;8;534;0;5;4;3;0;1;0;0;2;1
A10-2022;WIRT0-15;2;91;315;2;23;86;84;1;1;1;2;7;4
A10-2022;WIRT0-16;758;7020;367;218;4423;5853;2619;672;2563;77;170;319;256
A10-2022;WIRT0-17;4984;4299;3143;230;170443;12609;2119;16;10474;6;26;529;234
A10-2022;WIRT0-18;27;292;27;7;82;248;211;37;0;4;6;23;15
A10-2022;WIRT0-19;1;38;407;1;25;27;25;2;1;1;1;6;4
A10-2022;WIRT0-20;7;81;255;2;132;85;80;4;1;1;3;11;7
A10-2022;WIRT0-21;12;197;480;4;43;138;120;17;1;3;3;19;12
A10-2022;WIRT0-22;9;130;885;3;40;118;102;15;2;2;3;9;6
A10-2022;WIRT0-23;0;14;72;0;14;14;13;0;0;0;0;2;1
A10-2022;WIRT0-24;15;94;131;3;33;52;23;28;0;2;2;11;7
A10-2022;WIRT0-25;1;21;97;0;11;15;14;1;0;0;0;5;3
A10-2022;WIRT0-26;0;77;2;1;28;26;25;1;0;1;1;6;4
A10-2022;WIRT0-27;712;8260;860;10686;4333;13175;5812;7358;4;314;365;1123;945
A10-2022;WIRT0-28;0;21;0;2;20;23;21;2;0;0;0;2;1
A10-2022;WIRT0-29;5;306;54;39547;2460;141;131;8;1;847;1240;251;85
A10-2022;WIRT0-30;16;1286;45;14;691;482;443;37;2;23;11;734;102
A10-2022;WIRT0-31;13;915;119;9;243;349;333;15;1;16;6;608;66
A10-2022;WIRT0-32;29;1835;3418;21;562;681;602;69;10;34;14;2126;266
A10-2022;WIRT0-33;1;252;610;8;234;157;144;11;2;4;5;45;28
A10-2022;WIRT0-34;7;1832;276;31;720;773;713;58;3;34;16;147;100
A10-2022;WIRT0-35;2;638;428;12;279;276;257;19;1;11;7;169;101
A10-2022;WIRT0-36;52;8672;602;127;2485;3080;2929;138;13;163;53;866;433
A10-2022;WIRT0-37;2;1157;446;16;2215;116;111;5;0;26;2;48;48
A10-2022;WIRT0-38;1125;24764;801;59;10451;5265;5206;54;5;175;27;1492;1492
A10-2022;WIRT0-39;5;641;41;15;401;258;208;49;1;13;5;43;33
A10-2022;WIRT0-40;0;19;0;0;7;10;10;0;0;0;0;20;11
A10-2022;WIRT0-41;7;225;411;55;2536;231;165;66;0;4;14;80;61
A10-2022;WIRT0-42;0;12;1;0;17;6;6;0;0;0;0;3;2
A10-2022;WIRT0-43;0;3;1;0;8;2;2;0;0;0;0;11;6
A10-2022;WIRT0-44;0;9;0;0;2;3;3;0;0;0;0;10;5
A10-2022;WIRT0-45;0;14;1;0;15;6;5;0;0;0;0;13;8
A10-2022;WIRT0-46;0;118;5;1;61;43;41;2;0;2;1;19;12
A10-2022;WIRT0-47;0;71;7;3;107;49;46;3;0;1;2;27;16
A10-2022;WIRT0-48;0;40;5;1;60;18;17;1;0;1;1;11;6
A10-2022;WIRT0-49;0;13;1;0;7;5;4;0;0;0;0;6;4
A10-2022;WIRT0-50;0;157;7;2;82;56;53;3;0;3;1;19;13
A10-2022;WIRT0-51;0;29;2;1;33;15;14;1;0;0;1;17;10
A10-2022;WIRT0-52;0;130;6;1;70;47;44;2;0;2;1;19;14
A10-2022;WIRT0-53;0;90;4;1;54;34;32;2;0;2;1;20;13
A10-2022;WIRT0-54;0;9;1;1;15;7;4;2;0;0;0;5;4
A10-2022;WIRT0-55;0;21;1;0;18;9;8;0;0;0;0;9;6
A10-2022;WIRT0-56;1;429;9;4;102;144;136;7;1;8;2;30;21
A10-2022;WIRT0-57;2;912;19;9;205;314;298;15;1;17;5;22;20
A10-2022;WIRT0-58;0;40;2;1;24;16;15;1;0;1;0;22;13
A10-2022;WIRT0-59;0;91;2;1;25;32;30;2;0;2;1;7;5
A10-2022;WIRT0-60;1;469;45;6;209;173;163;10;1;9;4;40;27
A10-2022;WIRT0-61;18;675;66;36;769;488;403;85;1;13;10;60;49
A10-2022;WIRT0-62;1;220;28;4;341;98;92;6;0;4;4;8;8
A10-2022;WIRT0-63;2;206;35;19;355;162;144;18;0;66;4;15;14
A10-2022;WIRT0-64;1;43;6;3;63;31;24;7;0;1;1;8;8
A10-2022;WIRT0-65;0;4;0;0;1;2;2;0;0;0;0;1;1
A10-2022;WIRT0-66;7;72;43;15;354;83;17;66;0;3;1;21;19
A10-2022;WIRT0-67;0;221;9;2;103;77;73;4;0;4;2;4;4
A10-2022;WIRT0-68;6;104;29;10;266;79;39;40;0;3;2;43;37
A10-2022;WIRT0-69;3;90;14;9;138;99;75;24;0;2;2;9;8
A10-2022;WIRT0-70;0;7;0;0;2;2;2;0;0;0;0;1;1
A10-2022;WIRT0-71;7;136;28;9;181;68;55;13;0;2;1;12;11
A10-2022;WIRT0-72;1076;28834;44316;8135;245135;22807;14486;8221;100;640;2018;8558;7554
A10-2022;WIRT0-73;1133;31001;1530;128;16723;7324;7197;127;0;295;95;1624;1624
A10-2022;WIRT0-74;19;8705;456;96;5373;3081;2954;127;0;158;86;158;158
A10-2022;WIRT0-75;2;879;341;2;1653;73;73;0;0;22;0;37;37
A10-2022;WIRT0-76;1112;21417;733;31;9697;4169;4169;0;0;115;9;1430;1430
A10-2022;WIRT0-77;52;23683;1849;283;19264;8659;7997;662;0;456;261;463;463
A10-2022;WIRT0-78;50;22671;1459;281;17374;8574;7912;662;0;431;260;420;420
A10-2022;WIRT0-79;2;1003;390;2;1887;84;84;0;0;25;0;42;42
A10-2022;WIRT0-80;0;9;0;0;4;2;2;0;0;0;0;1;1
A10-2022;WIRT0-81;73;1229;162;-3;3076;-367;-24;-343;0;82;-877;92;92
A10-2022;WIRT0-82;10738;114988;105695;250169;483133;86295;47086;24841;14369;11878;75035;27259;13401
A10-2023;WIRT100;11524;116928;103213;246017;459387;81520;43330;24440;13750;11421;73945;27224;13932
A10-2023;WIRT101;10513;88874;60058;238164;218936;59539;29472;16406;13662;10780;71917;18858;6573
A10-2023;WIRT0-1;72;12184;36626;183550;8464;1420;592;673;155;8507;69558;4339;682
A10-2023;WIRT0-2;12;385;198;302;1442;219;104;115;0;10;7;81;69
A10-2023;WIRT0-3;0;8;5;7;35;5;2;3;0;0;0;2;2
A10-2023;WIRT0-4;33;292;315;2424;57;512;94;4;413;5;2;4221;506
A10-2023;WIRT0-5;110;1956;3379;99;248;1299;880;418;1;12;28;60;46
A10-2023;WIRT0-6;0;40;70;1;11;49;48;0;0;0;1;3;2
A10-2023;WIRT0-7;0;7;24;0;3;7;7;0;0;0;0;2;1
A10-2023;WIRT0-8;0;10;17;0;3;10;10;0;0;0;0;1;1
A10-2023;WIRT0-9;1011;2676;942;199;1324;2137;243;1892;2;75;89;620;314
A10-2023;WIRT0-10;503;4264;299;237;1661;5370;1222;4147;1;107;70;194;159
A10-2023;WIRT0-11;0;6;710;0;9;4;2;0;2;0;0;4;2
A10-2023;WIRT0-12;199;901;515;322;253;2580;2580;0;0;11;82;90;46
A10-2023;WIRT0-13;511;1626;1804;1988;11487;2493;1310;582;601;134;118;497;338
A10-2023;WIRT0-14;0;8;546;0;5;4;3;0;1;0;0;2;1
A10-2023;WIRT0-15;1;91;315;2;25;85;82;2;1;1;2;7;4
A10-2023;WIRT0-16;683;5694;339;186;3287;5074;2272;610;2192;68;143;251;200
A10-2023;WIRT0-17;5417;4311;3118;283;162053;12298;2048;10;10240;7;26;497;231
A10-2023;WIRT0-18;18;268;27;7;75;228;199;29;0;4;5;21;14
A10-2023;WIRT0-19;1;36;420;1;24;27;25;1;1;0;1;6;3
A10-2023;WIRT0-20;3;65;258;2;98;64;60;4;1;1;2;10;6
A10-2023;WIRT0-21;10;186;490;4;41;128;109;18;1;3;3;18;11
A10-2023;WIRT0-22;10;98;883;3;24;79;58;19;2;2;2;9;6
A10-2023;WIRT0-23;0;15;75;0;12;13;12;0;0;0;0;2;1
A10-2023;WIRT0-24;19;105;126;4;38;59;24;35;0;2;2;11;7
A10-2023;WIRT0-25;1;22;98;0;12;16;15;1;0;0;0;5;3
A10-2023;WIRT0-26;0;80;2;1;27;27;26;1;0;2;1;6;4
A10-2023;WIRT0-27;663;7827;805;10063;4068;11792;4686;7102;4;309;327;1050;885
A10-2023;WIRT0-28;0;23;0;2;22;26;25;2;0;0;0;2;1
A10-2023;WIRT0-29;5;308;54;37977;2324;137;129;7;1;856;1241;210;72
A10-2023;WIRT0-30;17;1266;44;17;633;497;450;45;2;24;12;696;97
A10-2023;WIRT0-31;6;889;119;9;236;328;311;16;1;17;6;603;65
A10-2023;WIRT0-32;17;1613;3421;19;469;589;530;49;10;31;12;2081;255
A10-2023;WIRT0-33;1;244;614;7;218;132;122;9;2;4;4;42;26
A10-2023;WIRT0-34;7;1853;280;30;677;726;669;55;3;35;15;141;95
A10-2023;WIRT0-35;2;644;462;11;250;262;245;16;1;12;7;162;96
A10-2023;WIRT0-36;48;8735;737;139;2280;2912;2751;149;12;171;52;847;418
A10-2023;WIRT0-37;3;1334;512;17;2545;132;125;7;0;30;2;55;55
A10-2023;WIRT0-38;1079;23354;708;62;8641;5134;5073;56;5;175;28;1434;1434
A10-2023;WIRT0-39;4;651;33;13;331;250;213;36;1;13;5;38;29
A10-2023;WIRT0-40;0;19;0;0;7;10;10;0;0;0;0;19;11
A10-2023;WIRT0-41;5;209;371;45;2328;212;163;49;0;4;15;70;52
A10-2023;WIRT0-42;0;12;1;0;17;6;6;0;0;0;0;3;2
A10-2023;WIRT0-43;0;3;1;0;8;2;2;0;0;0;0;11;6
A10-2023;WIRT0-44;0;9;0;0;2;3;3;0;0;0;0;9;5
A10-2023;WIRT0-45;0;15;1;0;15;6;6;0;0;0;0;13;7
A10-2023;WIRT0-46;0;122;5;2;59;45;42;2;0;2;1;18;12
A10-2023;WIRT0-47;0;69;7;3;107;48;46;3;0;1;2;26;15
A10-2023;WIRT0-48;0;41;5;1;61;18;17;1;0;1;1;10;6
A10-2023;WIRT0-49;0;14;1;0;6;5;5;0;0;0;0;6;4
A10-2023;WIRT0-50;0;162;7;2;81;58;55;3;0;3;1;19;13
A10-2023;WIRT0-51;0;29;2;1;32;15;14;1;0;1;1;16;10
A10-2023;WIRT0-52;0;134;6;2;68;48;46;2;0;3;1;18;13
A10-2023;WIRT0-53;0;93;4;1;53;35;33;2;0;2;1;20;12
A10-2023;WIRT0-54;0;8;1;1;11;6;4;2;0;0;0;5;4
A10-2023;WIRT0-55;0;22;1;0;17;9;9;0;0;0;0;8;5
A10-2023;WIRT0-56;1;444;9;4;99;149;141;8;1;8;3;30;20
A10-2023;WIRT0-57;2;942;19;10;198;325;308;16;1;18;6;22;20
A10-2023;WIRT0-58;0;41;2;1;23;16;15;1;0;1;0;22;12
A10-2023;WIRT0-59;0;94;2;1;25;33;31;2;0;2;1;7;5
A10-2023;WIRT0-60;1;482;44;6;201;176;166;9;1;9;4;39;26
A10-2023;WIRT0-61;15;768;49;44;763;559;488;70;1;12;10;51;41
A10-2023;WIRT0-62;1;225;27;4;334;100;93;6;0;4;5;7;7
A10-2023;WIRT0-63;1;190;15;12;211;141;131;9;0;66;3;9;9
A10-2023;WIRT0-64;0;40;4;2;48;25;21;5;0;1;1;6;6
A10-2023;WIRT0-65;0;4;0;0;1;2;2;0;0;0;0;1;1
A10-2023;WIRT0-66;4;58;29;10;244;61;17;44;0;2;1;14;12
A10-2023;WIRT0-67;0;228;9;3;101;80;75;4;0;4;2;4;4
A10-2023;WIRT0-68;4;97;21;7;202;66;39;27;0;2;2;41;35
A10-2023;WIRT0-69;2;83;9;7;99;89;73;16;0;2;2;7;6
A10-2023;WIRT0-70;0;7;0;0;1;2;2;0;0;0;0;1;0
A10-2023;WIRT0-71;6;134;16;5;101;65;58;7;0;2;1;8;8
A10-2023;WIRT0-72;1011;28053;43155;7853;240451;21981;13859;8034;88;641;2029;8366;7359
A10-2023;WIRT0-73;1088;30073;1572;146;16296;7412;7271;140;0;308;115;1576;1576
A10-2023;WIRT0-74;20;9171;541;114;6473;3332;3192;140;0;173;106;163;163
A10-2023;WIRT0-75;2;1010;392;2;1909;84;84;0;0;25;0;42;42
A10-2023;WIRT0-76;1066;19891;639;29;7914;3995;3995;0;0;110;9;1371;1371
A10-2023;WIRT0-77;46;20386;1871;288;19960;7885;7125;760;0;414;276;398;398
A10-2023;WIRT0-78;44;19398;1490;286;18104;7802;7042;760;0;390;275;357;357
A10-2023;WIRT0-79;2;981;381;2;1853;82;82;0;0;24;0;41;41
A10-2023;WIRT0-80;0;7;0;0;3;1;1;0;0;0;0;1;1
A10-2023;WIRT0-81;94;1524;193;-4;3300;-319;-25;-294;0;82;-877;118;118
A10-2023;WIRT0-82;10576;108764;103705;246155;466351;81675;43159;24766;13750;11610;73229;26164;12873
